DATE,EFFR,BAMLH0A0HYM2,DEXUSEU,STLFSI
11/7/2005,3.99,3.49,1.1795,-0.507
11/8/2005,3.95,3.55,1.1773,-0.507
11/9/2005,4.02,3.5,1.1748,-0.507
11/10/2005,3.98,3.57,1.174,-0.507
11/11/2005,.,3.56,.,-0.507
11/14/2005,4.03,3.58,1.1667,-0.507
11/15/2005,3.97,3.62,1.1695,-0.507
11/16/2005,3.96,3.72,1.1672,-0.507
11/17/2005,3.98,3.78,1.1706,-0.507
11/18/2005,4,3.69,1.1741,-0.504
11/21/2005,4.03,3.71,1.1734,-0.504
11/22/2005,3.99,3.74,1.1737,-0.504
11/23/2005,4.01,3.69,1.1799,-0.504
11/24/2005,.,3.69,.,-0.504
11/25/2005,4.03,3.72,1.1724,-0.508
11/28/2005,4.01,3.71,1.1804,-0.508
11/29/2005,3.99,3.61,1.1786,-0.508
11/30/2005,4.03,3.67,1.179,-0.508
12/1/2005,4.03,3.62,1.1702,-0.508
12/2/2005,4,3.63,1.1699,-0.481
12/5/2005,4.02,3.62,1.1787,-0.481
12/6/2005,3.97,3.68,1.1784,-0.481
12/7/2005,3.98,3.66,1.1722,-0.481
12/8/2005,4.09,3.7,1.183,-0.481
12/9/2005,4.16,3.6,1.1824,-0.474
12/12/2005,4.24,3.59,1.1969,-0.474
12/13/2005,4.23,3.6,1.1926,-0.474
12/14/2005,4.26,3.66,1.2041,-0.474
12/15/2005,4.29,3.64,1.1965,-0.474
12/16/2005,4.25,3.65,1.2012,-0.422
12/19/2005,4.25,3.66,1.1996,-0.422
12/20/2005,4.3,3.65,1.1848,-0.422
12/21/2005,4.08,3.61,1.1816,-0.422
12/22/2005,4.25,3.66,1.1883,-0.422
12/23/2005,4.21,3.71,1.1857,-0.478
12/26/2005,.,,.,-0.478
12/27/2005,4.26,3.73,1.1856,-0.478
12/28/2005,4.19,3.69,1.1875,-0.478
12/29/2005,4.18,3.68,1.1846,-0.478
12/30/2005,4.09,3.65,1.1842,-0.478
1/2/2006,.,3.71,.,-0.478
1/3/2006,4.34,3.73,1.198,-0.478
1/4/2006,4.22,3.69,1.2091,-0.478
1/5/2006,4.24,3.64,1.2101,-0.478
1/6/2006,4.22,3.56,1.2148,-0.577
1/9/2006,4.25,3.51,1.2064,-0.577
1/10/2006,4.24,3.5,1.2063,-0.577
1/11/2006,4.24,3.47,1.2135,-0.577
1/12/2006,4.28,3.53,1.2035,-0.577
1/13/2006,4.3,3.62,1.2103,-0.659
1/16/2006,.,3.6,.,-0.659
1/17/2006,4.32,3.64,1.2073,-0.659
1/18/2006,4.24,3.64,1.2083,-0.659
1/19/2006,4.23,3.58,1.211,-0.659
1/20/2006,4.24,3.6,1.2101,-0.657
1/23/2006,4.26,3.59,1.2276,-0.657
1/24/2006,4.28,3.54,1.2287,-0.657
1/25/2006,4.36,3.44,1.2252,-0.657
1/26/2006,4.37,3.42,1.2229,-0.657
1/27/2006,4.42,3.4,1.213,-0.641
1/30/2006,4.48,3.34,1.2091,-0.641
1/31/2006,4.47,3.42,1.2158,-0.641
2/1/2006,4.47,3.35,1.2092,-0.641
2/2/2006,4.48,3.35,1.21,-0.641
2/3/2006,4.51,3.38,1.2021,-0.637
2/6/2006,4.51,3.38,1.1971,-0.637
2/7/2006,4.47,3.39,1.1974,-0.637
2/8/2006,4.48,3.38,1.1935,-0.637
2/9/2006,4.52,3.38,1.1963,-0.637
2/10/2006,4.51,3.35,1.192,-0.63
2/13/2006,4.44,3.37,1.1905,-0.63
2/14/2006,4.45,3.36,1.1895,-0.63
2/15/2006,4.5,3.32,1.1884,-0.63
2/16/2006,4.48,3.29,1.1882,-0.63
2/17/2006,4.48,3.3,1.1906,-0.664
2/20/2006,.,3.3,.,-0.664
2/21/2006,4.54,3.29,1.1912,-0.664
2/22/2006,4.49,3.31,1.1905,-0.664
2/23/2006,4.47,3.27,1.1923,-0.664
2/24/2006,4.48,3.28,1.1882,-0.734
2/27/2006,4.52,3.28,1.186,-0.734
2/28/2006,4.52,3.37,1.1925,-0.734
3/1/2006,4.52,3.33,1.1899,-0.734
3/2/2006,4.5,3.32,1.2003,-0.734
3/3/2006,4.51,3.29,1.2028,-0.717
3/6/2006,4.51,3.26,1.2002,-0.717
3/7/2006,4.51,3.3,1.1888,-0.717
3/8/2006,4.51,3.31,1.1914,-0.717
3/9/2006,4.51,3.32,1.192,-0.717
3/10/2006,4.51,3.3,1.1886,-0.604
3/13/2006,4.52,3.27,1.1942,-0.604
3/14/2006,4.51,3.34,1.2025,-0.604
3/15/2006,4.47,3.29,1.2045,-0.604
3/16/2006,4.55,3.34,1.2151,-0.604
3/17/2006,4.6,3.31,1.2197,-0.619
3/20/2006,4.55,3.3,1.2168,-0.619
3/21/2006,4.54,3.21,1.2079,-0.619
3/22/2006,4.58,3.2,1.2095,-0.619
3/23/2006,4.64,3.18,1.1984,-0.619
3/24/2006,4.69,3.23,1.2034,-0.635
3/27/2006,4.77,3.19,1.2015,-0.635
3/28/2006,4.7,3.12,1.2078,-0.635
3/29/2006,4.69,3.14,1.203,-0.635
3/30/2006,4.76,3.11,1.2132,-0.635
3/31/2006,5,3.13,1.2139,-0.565
4/3/2006,4.87,3.09,1.2124,-0.565
4/4/2006,4.76,3.1,1.2258,-0.565
4/5/2006,4.76,3.13,1.2272,-0.565
4/6/2006,4.76,3.12,1.2216,-0.565
4/7/2006,4.76,3.06,1.2109,-0.546
4/10/2006,4.78,3.1,1.2091,-0.546
4/11/2006,4.74,3.11,1.2125,-0.546
4/12/2006,4.78,3.06,1.2107,-0.546
4/13/2006,4.82,3.05,1.2107,-0.546
4/14/2006,4.8,,1.2106,-0.489
4/17/2006,4.78,3.08,1.2267,-0.489
4/18/2006,4.72,3.11,1.2274,-0.489
4/19/2006,4.7,3.07,1.2345,-0.489
4/20/2006,4.73,3.04,1.2326,-0.489
4/21/2006,4.74,3.04,1.234,-0.525
4/24/2006,4.77,3.06,1.2373,-0.525
4/25/2006,4.74,2.98,1.2412,-0.525
4/26/2006,4.73,2.97,1.2464,-0.525
4/27/2006,4.79,3,1.2525,-0.525
4/28/2006,4.86,3,1.2624,-0.538
4/30/2006,,3.04,,-0.538
5/1/2006,4.84,2.96,1.2607,-0.538
5/2/2006,4.79,2.97,1.2644,-0.538
5/3/2006,4.81,2.94,1.2639,-0.538
5/4/2006,4.83,2.93,1.2684,-0.538
5/5/2006,4.83,2.96,1.2733,-0.537
5/8/2006,4.88,2.94,1.272,-0.537
5/9/2006,4.78,2.92,1.2747,-0.537
5/10/2006,4.88,2.9,1.2799,-0.537
5/11/2006,4.99,2.88,1.2855,-0.537
5/12/2006,5.01,2.88,1.2888,-0.554
5/15/2006,5.01,2.92,1.2826,-0.554
5/16/2006,4.98,2.99,1.2817,-0.554
5/17/2006,4.96,3.03,1.2722,-0.554
5/18/2006,5,3.09,1.2795,-0.554
5/19/2006,5,3.08,1.275,-0.467
5/22/2006,5,3.15,1.285,-0.467
5/23/2006,4.94,3.12,1.2844,-0.467
5/24/2006,4.9,3.18,1.2747,-0.467
5/25/2006,5.01,3.13,1.2777,-0.467
5/26/2006,4.99,3.12,1.2739,-0.401
5/29/2006,.,3.12,.,-0.401
5/30/2006,5.02,3.1,1.2868,-0.401
5/31/2006,5.05,3.12,1.2833,-0.401
6/1/2006,5.02,3.13,1.2824,-0.401
6/2/2006,4.97,3.22,1.2912,-0.402
6/5/2006,5.01,3.19,1.2953,-0.402
6/6/2006,4.99,3.24,1.2828,-0.402
6/7/2006,4.99,3.22,1.2799,-0.402
6/8/2006,5.02,3.26,1.2648,-0.402
6/9/2006,5,3.27,1.2636,-0.384
6/12/2006,5.01,3.25,1.2587,-0.384
6/13/2006,5,3.32,1.2574,-0.384
6/14/2006,5,3.32,1.2631,-0.384
6/15/2006,5.02,3.29,1.2616,-0.384
6/16/2006,4.94,3.26,1.2623,-0.308
6/19/2006,4.95,3.25,1.2577,-0.308
6/20/2006,4.92,3.28,1.2568,-0.308
6/21/2006,4.91,3.34,1.2665,-0.308
6/22/2006,4.98,3.32,1.2582,-0.308
6/23/2006,4.98,3.31,1.2522,-0.269
6/26/2006,5.03,3.34,1.2554,-0.269
6/27/2006,5.02,3.36,1.2589,-0.269
6/28/2006,5.06,3.33,1.2532,-0.269
6/29/2006,5.08,3.33,1.2534,-0.269
6/30/2006,5.05,3.35,1.2779,-0.295
7/3/2006,5.25,3.33,1.2793,-0.295
7/4/2006,.,3.33,.,-0.295
7/5/2006,5.25,3.27,1.2726,-0.295
7/6/2006,5.24,3.31,1.2757,-0.295
7/7/2006,5.22,3.33,1.2822,-0.337
7/10/2006,5.24,3.3,1.2751,-0.337
7/11/2006,5.25,3.33,1.2754,-0.337
7/12/2006,5.27,3.32,1.2706,-0.337
7/13/2006,5.26,3.39,1.2673,-0.337
7/14/2006,5.26,3.44,1.2641,-0.333
7/17/2006,5.28,3.42,1.2529,-0.333
7/18/2006,5.22,3.37,1.25,-0.333
7/19/2006,5.23,3.42,1.256,-0.333
7/20/2006,5.24,3.43,1.2639,-0.333
7/21/2006,5.23,3.41,1.2684,-0.332
7/24/2006,5.24,3.41,1.263,-0.332
7/25/2006,5.24,3.38,1.2576,-0.332
7/26/2006,5.24,3.38,1.2628,-0.332
7/27/2006,5.27,3.36,1.2732,-0.332
7/28/2006,5.26,3.4,1.2748,-0.402
7/31/2006,5.31,3.45,1.2764,-0.402
8/1/2006,5.27,3.44,1.2778,-0.402
8/2/2006,5.25,3.42,1.2798,-0.402
8/3/2006,5.27,3.42,1.2779,-0.402
8/4/2006,5.25,3.44,1.2894,-0.438
8/7/2006,5.24,3.42,1.2867,-0.438
8/8/2006,5.26,3.41,1.2839,-0.438
8/9/2006,5.25,3.41,1.2888,-0.438
8/10/2006,5.24,3.42,1.2765,-0.438
8/11/2006,5.24,3.39,1.2757,-0.485
8/14/2006,5.26,3.36,1.2735,-0.485
8/15/2006,5.24,3.39,1.2788,-0.485
8/16/2006,5.17,3.42,1.2864,-0.485
8/17/2006,5.2,3.38,1.287,-0.485
8/18/2006,5.25,3.41,1.281,-0.543
8/21/2006,5.24,3.43,1.2914,-0.543
8/22/2006,5.24,3.43,1.2804,-0.543
8/23/2006,5.25,3.43,1.2794,-0.543
8/24/2006,5.25,3.43,1.276,-0.543
8/25/2006,5.25,3.44,1.2767,-0.568
8/28/2006,5.25,3.41,1.2784,-0.568
8/29/2006,5.23,3.41,1.2768,-0.568
8/30/2006,5.25,3.42,1.2825,-0.568
8/31/2006,5.31,3.49,1.2793,-0.568
9/1/2006,5.25,3.49,1.2833,-0.554
9/4/2006,.,3.49,.,-0.554
9/5/2006,5.26,3.43,1.281,-0.554
9/6/2006,5.21,3.4,1.2787,-0.554
9/7/2006,5.23,3.41,1.2757,-0.554
9/8/2006,5.23,3.42,1.2673,-0.501
9/11/2006,5.24,3.39,1.2699,-0.501
9/12/2006,5.21,3.4,1.2693,-0.501
9/13/2006,5.26,3.38,1.2708,-0.501
9/14/2006,5.26,3.35,1.2736,-0.501
9/15/2006,5.25,3.33,1.2648,-0.504
9/18/2006,5.23,3.33,1.2671,-0.504
9/19/2006,5.21,3.4,1.2683,-0.504
9/20/2006,5.23,3.39,1.2701,-0.504
9/21/2006,5.24,3.48,1.273,-0.504
9/22/2006,5.27,3.53,1.2796,-0.502
9/25/2006,5.3,3.55,1.2747,-0.502
9/26/2006,5.25,3.5,1.2687,-0.502
9/27/2006,5.3,3.46,1.2699,-0.502
9/28/2006,5.28,3.44,1.2697,-0.502
9/29/2006,5.34,3.42,1.2687,-0.483
9/30/2006,,3.44,,-0.483
10/2/2006,5.33,3.44,1.2744,-0.483
10/3/2006,5.25,3.43,1.2727,-0.483
10/4/2006,5.23,3.45,1.2687,-0.483
10/5/2006,5.23,3.39,1.2687,-0.483
10/6/2006,5.22,3.31,1.26,-0.505
10/9/2006,.,3.31,.,-0.505
10/10/2006,5.28,3.27,1.2541,-0.505
10/11/2006,5.25,3.23,1.2547,-0.505
10/12/2006,5.25,3.22,1.2537,-0.505
10/13/2006,5.21,3.19,1.2502,-0.558
10/16/2006,5.28,3.18,1.2518,-0.558
10/17/2006,5.21,3.19,1.2564,-0.558
10/18/2006,5.23,3.18,1.2516,-0.558
10/19/2006,5.22,3.17,1.2594,-0.558
10/20/2006,5.25,3.17,1.2613,-0.606
10/23/2006,5.24,3.14,1.2544,-0.606
10/24/2006,5.24,3.15,1.2565,-0.606
10/25/2006,5.26,3.19,1.2591,-0.606
10/26/2006,5.23,3.21,1.2669,-0.606
10/27/2006,5.23,3.23,1.2725,-0.639
10/30/2006,5.27,3.21,1.2717,-0.639
10/31/2006,5.31,3.29,1.2773,-0.639
11/1/2006,5.23,3.3,1.2771,-0.639
11/2/2006,5.22,3.24,1.278,-0.639
11/3/2006,5.25,3.12,1.2705,-0.635
11/6/2006,.,3.13,1.2715,-0.635
11/7/2006,5.22,3.14,1.2806,-0.635
11/8/2006,5.22,3.15,1.2775,-0.635
11/9/2006,5.23,3.13,1.2835,-0.635
11/10/2006,5.23,3.15,1.2861,-0.657
11/13/2006,5.27,3.12,1.281,-0.657
11/14/2006,.,3.13,1.2812,-0.657
11/15/2006,5.29,3.05,1.2808,-0.657
11/16/2006,5.25,2.99,1.2808,-0.657
11/17/2006,5.2,3.06,1.2823,-0.655
11/20/2006,5.25,3.07,1.281,-0.655
11/21/2006,5.29,3.13,1.2824,-0.655
11/22/2006,5.26,3.14,1.2928,-0.655
11/23/2006,.,3.14,.,-0.655
11/24/2006,5.24,3.15,1.3081,-0.657
11/27/2006,5.32,3.17,1.312,-0.657
11/28/2006,5.24,3.22,1.3162,-0.657
11/29/2006,5.26,3.15,1.3146,-0.657
11/30/2006,5.31,3.2,1.3261,-0.657
12/1/2006,5.27,3.21,1.3316,-0.626
12/4/2006,5.22,3.2,1.3327,-0.626
12/5/2006,5.21,3.14,1.3327,-0.626
12/6/2006,5.22,3.07,1.3307,-0.626
12/7/2006,5.25,3.05,1.3296,-0.626
12/8/2006,5.25,3,1.3215,-0.613
12/11/2006,5.25,3.02,1.3223,-0.613
12/12/2006,5.23,3.06,1.3233,-0.613
12/13/2006,5.23,3,1.3215,-0.613
12/14/2006,5.29,3,1.3174,-0.613
12/15/2006,5.27,2.98,1.3095,-0.615
12/18/2006,5.21,2.99,1.3073,-0.615
12/19/2006,5.21,2.98,1.3194,-0.615
12/20/2006,5.26,2.97,1.3183,-0.615
12/21/2006,5.25,2.99,1.3175,-0.615
12/22/2006,5.24,2.93,1.3131,-0.623
12/25/2006,.,2.93,.,-0.623
12/26/2006,5.29,2.87,1.3132,-0.623
12/27/2006,5.17,2.83,1.3125,-0.623
12/28/2006,5.25,2.82,1.3158,-0.623
12/29/2006,5.17,2.89,1.3197,-0.618
1/1/2007,.,,.,-0.618
1/2/2007,5.3,2.91,1.3286,-0.618
1/3/2007,5.28,2.91,1.3169,-0.618
1/4/2007,5.24,2.95,1.3094,-0.618
1/5/2007,5.21,2.93,1.3005,-0.618
1/8/2007,5.23,2.92,1.3023,-0.618
1/9/2007,5.25,2.89,1.2995,-0.618
1/10/2007,5.26,2.87,1.294,-0.618
1/11/2007,5.27,2.82,1.2904,-0.618
1/12/2007,5.22,2.8,1.2926,-0.671
1/15/2007,.,2.79,.,-0.671
1/16/2007,5.28,2.78,1.2918,-0.671
1/17/2007,5.25,2.72,1.2948,-0.671
1/18/2007,5.23,2.73,1.2942,-0.671
1/19/2007,5.25,2.7,1.2968,-0.707
1/22/2007,5.24,2.69,1.2957,-0.707
1/23/2007,5.26,2.65,1.3025,-0.707
1/24/2007,5.27,2.63,1.2964,-0.707
1/25/2007,5.31,2.57,1.298,-0.707
1/26/2007,5.26,2.59,1.2909,-0.724
1/29/2007,5.26,2.58,1.2948,-0.724
1/30/2007,5.23,2.62,1.2954,-0.724
1/31/2007,5.33,2.72,1.2998,-0.724
2/1/2007,5.29,2.66,1.3021,-0.724
2/2/2007,5.24,2.67,1.296,-0.715
2/5/2007,5.25,2.67,1.2933,-0.715
2/6/2007,5.24,2.67,1.2969,-0.715
2/7/2007,5.23,2.65,1.302,-0.715
2/8/2007,5.25,2.65,1.3034,-0.715
2/9/2007,5.25,2.59,1.3005,-0.757
2/12/2007,5.28,2.59,1.2962,-0.757
2/13/2007,5.26,2.58,1.3024,-0.757
2/14/2007,5.27,2.62,1.3126,-0.757
2/15/2007,5.29,2.59,1.314,-0.757
2/16/2007,5.24,2.57,1.3137,-0.767
2/19/2007,.,2.57,.,-0.767
2/20/2007,5.27,2.57,1.3134,-0.767
2/21/2007,5.23,2.53,1.3126,-0.767
2/22/2007,5.26,2.49,1.3134,-0.767
2/23/2007,5.24,2.55,1.3164,-0.812
2/26/2007,5.3,2.58,1.3159,-0.812
2/27/2007,5.27,2.79,1.3246,-0.812
2/28/2007,5.41,2.82,1.323,-0.812
3/1/2007,5.31,2.83,1.3173,-0.812
3/2/2007,5.23,2.91,1.3182,-0.667
3/5/2007,5.27,2.99,1.3094,-0.667
3/6/2007,5.22,2.94,1.3108,-0.667
3/7/2007,5.24,2.91,1.3148,-0.667
3/8/2007,5.24,2.85,1.3129,-0.667
3/9/2007,5.24,2.75,1.3118,-0.649
3/12/2007,5.25,2.8,1.3186,-0.649
3/13/2007,5.25,2.92,1.3199,-0.649
3/14/2007,5.27,2.94,1.3227,-0.649
3/15/2007,5.29,2.88,1.3249,-0.649
3/16/2007,5.25,2.88,1.3307,-0.609
3/19/2007,5.26,2.85,1.3299,-0.609
3/20/2007,5.26,2.88,1.3291,-0.609
3/21/2007,5.26,2.91,1.3305,-0.609
3/22/2007,5.27,2.81,1.3359,-0.609
3/23/2007,5.24,2.79,1.3302,-0.663
3/26/2007,5.28,2.82,1.3336,-0.663
3/27/2007,5.25,2.81,1.3357,-0.663
3/28/2007,5.27,2.84,1.3331,-0.663
3/29/2007,5.29,2.82,1.3336,-0.663
3/30/2007,5.3,2.8,1.3374,-0.636
4/2/2007,5.25,2.85,1.3374,-0.636
4/3/2007,5.2,2.86,1.3363,-0.636
4/4/2007,5.21,2.83,1.3364,-0.636
4/5/2007,5.3,2.87,1.3426,-0.636
4/6/2007,5.3,2.84,1.338,-0.632
4/9/2007,5.28,2.76,1.3367,-0.632
4/10/2007,5.26,2.78,1.3436,-0.632
4/11/2007,5.24,2.75,1.3436,-0.632
4/12/2007,5.27,2.75,1.3484,-0.632
4/13/2007,5.25,2.71,1.3518,-0.649
4/16/2007,5.29,2.7,1.355,-0.649
4/17/2007,5.2,2.72,1.3569,-0.649
4/18/2007,5.19,2.73,1.3574,-0.649
4/19/2007,5.23,2.71,1.3605,-0.649
4/20/2007,5.25,2.68,1.3601,-0.664
4/23/2007,5.23,2.68,1.358,-0.664
4/24/2007,5.2,2.7,1.3622,-0.664
4/25/2007,5.19,2.67,1.3647,-0.664
4/26/2007,5.24,2.63,1.359,-0.664
4/27/2007,5.24,2.63,1.3625,-0.665
4/30/2007,5.29,2.74,1.366,-0.665
5/1/2007,5.26,2.74,1.36,-0.665
5/2/2007,5.21,2.72,1.3598,-0.665
5/3/2007,5.24,2.67,1.3566,-0.665
5/4/2007,5.24,2.7,1.3587,-0.613
5/7/2007,5.24,2.69,1.3616,-0.613
5/8/2007,5.21,2.69,1.3532,-0.613
5/9/2007,5.21,2.64,1.3549,-0.613
5/10/2007,5.25,2.65,1.3512,-0.613
5/11/2007,5.27,2.63,1.3519,-0.628
5/14/2007,5.26,2.61,1.3544,-0.628
5/15/2007,5.29,2.57,1.3603,-0.628
5/16/2007,5.25,2.58,1.3522,-0.628
5/17/2007,5.25,2.55,1.3494,-0.628
5/18/2007,5.24,2.51,1.3511,-0.575
5/21/2007,5.24,2.5,1.3457,-0.575
5/22/2007,5.23,2.46,1.3464,-0.575
5/23/2007,5.25,2.44,1.3482,-0.575
5/24/2007,5.24,2.45,1.3429,-0.575
5/25/2007,5.29,2.45,1.3452,-0.59
5/28/2007,.,2.42,.,-0.59
5/29/2007,5.29,2.44,1.3483,-0.59
5/30/2007,5.25,2.46,1.3419,-0.59
5/31/2007,5.28,2.41,1.3453,-0.59
6/1/2007,5.23,2.44,1.344,-0.531
6/4/2007,5.24,2.41,1.3488,-0.531
6/5/2007,5.19,2.48,1.3526,-0.531
6/6/2007,5.25,2.48,1.3492,-0.531
6/7/2007,5.25,2.51,1.3456,-0.531
6/8/2007,5.26,2.5,1.3359,-0.438
6/11/2007,5.27,2.49,1.3359,-0.438
6/12/2007,5.26,2.53,1.3325,-0.438
6/13/2007,5.26,2.49,1.3295,-0.438
6/14/2007,5.28,2.51,1.3311,-0.438
6/15/2007,5.26,2.52,1.3365,-0.259
6/18/2007,5.23,2.6,1.3401,-0.259
6/19/2007,5.21,2.59,1.3416,-0.259
6/20/2007,5.27,2.66,1.3426,-0.259
6/21/2007,5.26,2.69,1.3399,-0.259
6/22/2007,5.24,2.8,1.3438,-0.311
6/25/2007,5.29,2.79,1.345,-0.311
6/26/2007,5.25,2.88,1.3468,-0.311
6/27/2007,5.26,2.83,1.3433,-0.311
6/28/2007,5.26,2.89,1.3466,-0.311
6/29/2007,5.31,2.98,1.352,-0.289
7/2/2007,5.31,3.03,1.3627,-0.289
7/3/2007,5.24,2.99,1.3615,-0.289
7/4/2007,.,2.99,.,-0.289
7/5/2007,5.25,2.92,1.3592,-0.289
7/6/2007,5.22,2.9,1.3626,-0.385
7/9/2007,5.22,2.93,1.3623,-0.385
7/10/2007,5.24,3.12,1.3714,-0.385
7/11/2007,5.24,3.16,1.3757,-0.385
7/12/2007,5.26,3.08,1.3776,-0.385
7/13/2007,5.25,3.06,1.3788,-0.359
7/16/2007,5.32,3.07,1.3785,-0.359
7/17/2007,5.28,3.05,1.3782,-0.359
7/18/2007,5.26,3.2,1.3808,-0.359
7/19/2007,5.25,3.2,1.3811,-0.359
7/20/2007,5.25,3.37,1.3831,-0.384
7/23/2007,5.26,3.44,1.3817,-0.384
7/24/2007,5.25,3.61,1.3824,-0.384
7/25/2007,5.32,3.71,1.3711,-0.384
7/26/2007,5.28,4.13,1.373,-0.384
7/27/2007,5.25,4.28,1.3647,-0.205
7/30/2007,5.29,4.24,1.3681,-0.205
7/31/2007,5.28,4.19,1.3711,-0.205
8/1/2007,5.3,4.28,1.3682,-0.205
8/2/2007,5.24,4.18,1.3693,-0.205
8/3/2007,5.24,4.24,1.3785,-0.032
8/6/2007,5.26,4.28,1.3789,-0.032
8/7/2007,5.26,4.2,1.3747,-0.032
8/8/2007,5.27,3.93,1.3808,-0.032
8/9/2007,5.41,4.04,1.3701,-0.032
8/10/2007,4.68,4.12,1.3686,0.154
8/13/2007,4.81,4.08,1.3624,0.154
8/14/2007,4.54,4.16,1.3581,0.154
8/15/2007,4.71,4.27,1.3479,0.154
8/16/2007,4.97,4.59,1.3402,0.154
8/17/2007,4.91,4.48,1.3492,0.694
8/20/2007,5.03,4.5,1.3468,0.694
8/21/2007,4.89,4.53,1.3483,0.694
8/22/2007,4.77,4.42,1.3535,0.694
8/23/2007,4.88,4.34,1.356,0.694
8/24/2007,5.11,4.29,1.3645,0.947
8/27/2007,5.27,4.3,1.3645,0.947
8/28/2007,5.3,4.44,1.3626,0.947
8/29/2007,5,4.43,1.3675,0.947
8/30/2007,5,4.48,1.3648,0.947
8/31/2007,4.96,4.55,1.3641,0.735
9/3/2007,.,4.55,1.3641,0.735
9/4/2007,5.22,4.53,1.3606,0.735
9/5/2007,5.18,4.6,1.3669,0.735
9/6/2007,4.98,4.56,1.3697,0.735
9/7/2007,4.86,4.73,1.3772,0.83
9/10/2007,5.07,4.79,1.3794,0.83
9/11/2007,5.06,4.74,1.3837,0.83
9/12/2007,5.18,4.69,1.3904,0.83
9/13/2007,5.09,4.57,1.3885,0.83
9/14/2007,5.25,4.58,1.3848,1.011
9/17/2007,5.33,4.52,1.386,1.011
9/18/2007,4.92,4.46,1.3869,1.011
9/19/2007,4.74,4.3,1.395,1.011
9/20/2007,4.77,4.21,1.4092,1.011
9/21/2007,4.76,4.16,1.4076,0.665
9/24/2007,4.74,4.1,1.4086,0.665
9/25/2007,4.82,4.17,1.4128,0.665
9/26/2007,4.88,4.14,1.4126,0.665
9/27/2007,4.93,4.15,1.4138,0.665
9/28/2007,4.58,4.16,1.4219,0.547
9/30/2007,,4.2,,0.547
10/1/2007,4.92,4.19,1.4229,0.547
10/2/2007,4.78,4.2,1.4163,0.547
10/3/2007,4.68,4.16,1.4135,0.547
10/4/2007,4.74,4.15,1.4128,0.547
10/5/2007,4.77,4.02,1.4154,0.457
10/8/2007,.,4.02,1.4154,0.457
10/9/2007,4.91,3.95,1.4092,0.457
10/10/2007,4.52,3.91,1.4157,0.457
10/11/2007,4.75,3.86,1.4228,0.457
10/12/2007,4.75,3.83,1.4168,0.283
10/15/2007,4.81,3.81,1.4216,0.283
10/16/2007,4.68,3.91,1.4165,0.283
10/17/2007,4.7,4.07,1.4208,0.283
10/18/2007,4.69,4.2,1.4291,0.283
10/19/2007,4.77,4.36,1.4263,0.332
10/22/2007,4.71,4.39,1.4138,0.332
10/23/2007,4.67,4.34,1.4248,0.332
10/24/2007,4.74,4.42,1.4237,0.332
10/25/2007,4.86,4.4,1.4299,0.332
10/26/2007,4.8,4.39,1.439,0.339
10/29/2007,4.84,4.38,1.4405,0.339
10/30/2007,4.78,4.38,1.4424,0.339
10/31/2007,4.6,4.36,1.4468,0.339
11/1/2007,4.59,4.53,1.4435,0.339
11/2/2007,4.28,4.65,1.4481,0.262
11/5/2007,4.29,4.69,1.4469,0.262
11/6/2007,4.22,4.66,1.4555,0.262
11/7/2007,4.39,4.76,1.4667,0.262
11/8/2007,4.58,4.91,1.4691,0.262
11/9/2007,4.49,5.02,1.4665,0.576
11/12/2007,.,5.02,.,0.576
11/13/2007,4.61,5.07,1.4598,0.576
11/14/2007,4.6,5.04,1.467,0.576
11/15/2007,4.54,5.25,1.4639,0.576
11/16/2007,4.51,5.37,1.4652,0.718
11/19/2007,4.51,5.61,1.4658,0.718
11/20/2007,4.51,5.71,1.4787,0.718
11/21/2007,4.5,5.87,1.4829,0.718
11/22/2007,.,5.87,1.4829,0.718
11/23/2007,4.56,5.8,1.4825,0.941
11/26/2007,4.62,5.92,1.4862,0.941
11/27/2007,4.39,5.88,1.4817,0.941
11/28/2007,4.53,5.73,1.475,0.941
11/29/2007,4.55,5.73,1.4766,0.941
11/30/2007,4.66,5.75,1.4688,1.22
12/3/2007,4.52,5.82,1.4657,1.22
12/4/2007,4.5,5.89,1.4759,1.22
12/5/2007,4.31,5.86,1.4666,1.22
12/6/2007,4.49,5.78,1.4638,1.22
12/7/2007,4.41,5.63,1.4664,1.299
12/10/2007,4.46,5.55,1.4714,1.299
12/11/2007,4.29,5.68,1.4702,1.299
12/12/2007,4.28,5.61,1.4702,1.299
12/13/2007,4.3,5.58,1.4591,1.299
12/14/2007,4.24,5.54,1.4433,1.351
12/17/2007,4.31,5.58,1.4369,1.351
12/18/2007,4.16,5.66,1.4392,1.351
12/19/2007,3.98,5.71,1.4344,1.351
12/20/2007,4.37,5.79,1.4353,1.351
12/21/2007,4.28,5.68,1.4361,1.227
12/24/2007,4,5.65,1.4409,1.227
12/25/2007,.,,.,1.227
12/26/2007,4.26,5.59,1.45,1.227
12/27/2007,4.15,5.64,1.4601,1.227
12/28/2007,4.01,5.73,1.4718,0.985
12/31/2007,3.06,5.92,1.4603,0.985
1/1/2008,.,6.1,.,0.985
1/2/2008,4.11,6.17,1.4738,0.985
1/3/2008,4.25,,1.4736,0.985
1/4/2008,4.18,6.36,1.4786,0.845
1/7/2008,4.27,6.45,1.4684,0.845
1/8/2008,4.27,6.51,1.4717,0.845
1/9/2008,4.26,6.73,1.4663,0.845
1/10/2008,4.26,6.63,1.474,0.845
1/11/2008,4.23,6.68,1.4787,0.77
1/14/2008,4.24,6.66,1.4877,0.77
1/15/2008,4.24,6.74,1.4842,0.77
1/16/2008,4.22,6.83,1.4643,0.77
1/17/2008,4.23,6.99,1.469,0.77
1/18/2008,4.17,7.04,1.4616,0.554
1/21/2008,.,7.05,.,0.554
1/22/2008,3.68,7.39,1.4609,0.554
1/23/2008,3.43,7.48,1.4574,0.554
1/24/2008,3.47,7.12,1.4737,0.554
1/25/2008,3.6,6.99,1.4673,0.894
1/28/2008,3.5,7.03,1.4789,0.894
1/29/2008,3.47,6.85,1.4767,0.894
1/30/2008,3.26,6.78,1.4782,0.894
1/31/2008,3.22,6.95,1.4841,0.894
2/1/2008,3.12,6.96,1.4851,0.695
2/4/2008,2.82,6.92,1.4832,0.695
2/5/2008,2.71,7.06,1.4638,0.695
2/6/2008,2.94,7.09,1.4647,0.695
2/7/2008,3.03,7.1,1.4495,0.695
2/8/2008,3.05,7.25,1.4505,0.71
2/11/2008,2.88,7.37,1.4506,0.71
2/12/2008,2.91,7.37,1.4592,0.71
2/13/2008,3.02,7.38,1.4569,0.71
2/14/2008,3.03,7.25,1.4635,0.71
2/15/2008,2.97,7.3,1.4674,0.671
2/18/2008,.,7.3,.,0.671
2/19/2008,2.94,7.25,1.4742,0.671
2/20/2008,3,7.25,1.4663,0.671
2/21/2008,3.01,7.35,1.4813,0.671
2/22/2008,2.97,7.35,1.4825,0.757
2/25/2008,3,7.21,1.4822,0.757
2/26/2008,2.85,7.17,1.4889,0.757
2/27/2008,2.93,7.18,1.5132,0.757
2/28/2008,3.06,7.37,1.5172,0.757
2/29/2008,3.01,7.67,1.5187,0.853
3/3/2008,3.1,7.75,1.5195,0.853
3/4/2008,2.9,7.76,1.521,0.853
3/5/2008,2.93,7.68,1.5282,0.853
3/6/2008,2.99,7.79,1.5356,0.853
3/7/2008,2.96,7.92,1.5333,1.219
3/10/2008,2.99,8.08,1.5369,1.219
3/11/2008,2.95,7.95,1.5329,1.219
3/12/2008,2.97,8.13,1.5495,1.219
3/13/2008,2.98,8.27,1.5584,1.219
3/14/2008,2.99,8.38,1.5604,1.269
3/17/2008,2.69,8.62,1.5765,1.269
3/18/2008,2.16,8.39,1.5784,1.269
3/19/2008,2.08,8.37,1.5642,1.269
3/20/2008,2.22,8.4,1.5417,1.269
3/21/2008,2.08,,1.5447,1.426
3/24/2008,2.08,8.07,1.5394,1.426
3/25/2008,2.42,7.97,1.5595,1.426
3/26/2008,2.3,7.99,1.5761,1.426
3/27/2008,2.27,7.94,1.5798,1.426
3/28/2008,2.09,7.99,1.5759,1.172
3/31/2008,2.51,8.21,1.5805,1.172
4/1/2008,2.38,8.02,1.5615,1.172
4/2/2008,2.18,7.86,1.5618,1.172
4/3/2008,2.19,7.78,1.5667,1.172
4/4/2008,2.26,7.76,1.5735,1.079
4/7/2008,2.24,7.54,1.5713,1.079
4/8/2008,2.23,7.58,1.5705,1.079
4/9/2008,2.2,7.71,1.5804,1.079
4/10/2008,2.3,7.7,1.5744,1.079
4/11/2008,2.37,7.76,1.5796,1.07
4/14/2008,2.32,7.74,1.5827,1.07
4/15/2008,2.32,7.65,1.5801,1.07
4/16/2008,2.35,7.46,1.5978,1.07
4/17/2008,2.37,7.36,1.5924,1.07
4/18/2008,2.32,7.15,1.5742,1.265
4/21/2008,2.28,7.13,1.5881,1.265
4/22/2008,1.99,7.07,1.601,1.265
4/23/2008,2.18,7.05,1.5898,1.265
4/24/2008,2.26,6.92,1.5668,1.265
4/25/2008,2.28,6.84,1.5634,1.219
4/28/2008,2.29,6.85,1.5648,1.219
4/29/2008,2.21,6.86,1.5604,1.219
4/30/2008,2.37,6.86,1.5568,1.219
5/1/2008,2.16,6.81,1.5458,1.219
5/2/2008,1.88,6.64,1.5431,0.982
5/5/2008,1.85,6.65,1.5491,0.982
5/6/2008,1.91,6.7,1.5548,0.982
5/7/2008,2.01,6.72,1.537,0.982
5/8/2008,1.99,6.83,1.5409,0.982
5/9/2008,1.97,6.9,1.5447,0.731
5/12/2008,1.88,6.9,1.5536,0.731
5/13/2008,1.93,6.76,1.5509,0.731
5/14/2008,2.03,6.65,1.5467,0.731
5/15/2008,2.03,6.69,1.5492,0.731
5/16/2008,1.91,6.63,1.5591,0.615
5/19/2008,1.95,6.6,1.5516,0.615
5/20/2008,1.99,6.68,1.5667,0.615
5/21/2008,2.03,6.64,1.5772,0.615
5/22/2008,2.05,6.59,1.5703,0.615
5/23/2008,1.99,6.7,1.5784,0.539
5/26/2008,.,6.7,.,0.539
5/27/2008,2.23,6.72,1.5731,0.539
5/28/2008,2.08,6.61,1.5628,0.539
5/29/2008,2.01,6.55,1.5527,0.539
5/30/2008,1.98,6.57,1.556,0.621
5/31/2008,,6.53,,0.621
6/2/2008,2.06,6.67,1.555,0.621
6/3/2008,1.95,6.78,1.5454,0.621
6/4/2008,1.98,6.79,1.5453,0.621
6/5/2008,1.98,6.63,1.556,0.621
6/6/2008,2.01,6.68,1.5731,0.704
6/9/2008,2.02,6.58,1.5718,0.704
6/10/2008,1.96,6.49,1.5473,0.704
6/11/2008,1.95,6.56,1.5562,0.704
6/12/2008,2.01,6.43,1.5418,0.704
6/13/2008,2.02,6.39,1.5368,0.848
6/16/2008,2.06,6.37,1.5472,0.848
6/17/2008,1.87,6.4,1.5519,0.848
6/18/2008,1.84,6.53,1.5502,0.848
6/19/2008,1.94,6.53,1.5502,0.848
6/20/2008,1.99,6.7,1.5626,0.846
6/23/2008,1.98,6.76,1.5492,0.846
6/24/2008,1.93,7.01,1.5591,0.846
6/25/2008,1.97,7.02,1.557,0.846
6/26/2008,2.05,7.27,1.5738,0.846
6/27/2008,1.99,7.41,1.5749,0.963
6/30/2008,2.47,7.35,1.5748,0.963
7/1/2008,2.11,7.48,1.5778,0.963
7/2/2008,1.95,7.53,1.5869,0.963
7/3/2008,1.92,7.63,1.5708,0.963
7/4/2008,.,7.63,.,0.968
7/7/2008,1.99,7.76,1.5646,0.968
7/8/2008,1.97,7.87,1.5653,0.968
7/9/2008,1.99,7.82,1.5744,0.968
7/10/2008,2.01,7.9,1.5771,0.968
7/11/2008,1.97,7.88,1.5898,1.039
7/14/2008,2.06,7.89,1.5914,1.039
7/15/2008,2.16,8.06,1.5923,1.039
7/16/2008,1.95,8.01,1.5847,1.039
7/17/2008,2.03,7.79,1.5861,1.039
7/18/2008,1.96,7.67,1.5855,1.28
7/21/2008,1.98,7.58,1.5877,1.28
7/22/2008,1.97,7.6,1.5811,1.28
7/23/2008,2.04,7.46,1.5708,1.28
7/24/2008,2.06,7.64,1.5657,1.28
7/25/2008,2.13,7.6,1.5687,1.158
7/28/2008,2,7.79,1.5747,1.158
7/29/2008,2.05,7.82,1.5588,1.158
7/30/2008,2.03,7.81,1.5559,1.158
7/31/2008,2.09,8,1.5589,1.158
8/1/2008,2.04,8.13,1.5567,1.122
8/4/2008,1.97,8.14,1.5569,1.122
8/5/2008,1.97,8.11,1.5468,1.122
8/6/2008,2.01,8.05,1.5409,1.122
8/7/2008,1.96,8.16,1.5341,1.122
8/8/2008,2.01,8.14,1.5047,1.07
8/11/2008,1.99,8.07,1.4958,1.07
8/12/2008,1.95,8.11,1.4905,1.07
8/13/2008,1.98,8.09,1.4895,1.07
8/14/2008,2.09,8.11,1.4856,1.07
8/15/2008,2.08,8.12,1.4695,0.991
8/18/2008,1.91,8.17,1.473,0.991
8/19/2008,1.94,8.23,1.4746,0.991
8/20/2008,1.98,8.3,1.4701,0.991
8/21/2008,2.01,8.29,1.4875,0.991
8/22/2008,2.02,8.25,1.48,1.042
8/25/2008,2.01,8.32,1.4803,1.042
8/26/2008,1.88,8.32,1.466,1.042
8/27/2008,1.98,8.34,1.4684,1.042
8/28/2008,1.99,8.29,1.4685,1.042
8/29/2008,1.94,8.28,1.4669,1.04
8/31/2008,,8.36,,1.04
9/1/2008,.,8.36,.,1.04
9/2/2008,1.96,8.42,1.4522,1.04
9/3/2008,2.01,8.48,1.4489,1.04
9/4/2008,1.99,8.55,1.436,1.04
9/5/2008,1.97,8.55,1.4273,1.118
9/8/2008,1.92,8.46,1.4126,1.118
9/9/2008,1.96,8.53,1.4173,1.118
9/10/2008,2.12,8.55,1.402,1.118
9/11/2008,2,8.62,1.3939,1.118
9/12/2008,2.1,8.54,1.4172,1.276
9/15/2008,2.64,9.05,1.4175,1.276
9/16/2008,1.98,9.29,1.4155,1.276
9/17/2008,2.8,9.64,1.4215,1.276
9/18/2008,2.16,9.83,1.4382,1.276
9/19/2008,1.48,9.21,1.4384,2.451
9/22/2008,1.51,9.21,1.4697,2.451
9/23/2008,1.46,9.39,1.4737,2.451
9/24/2008,1.19,9.67,1.4655,2.451
9/25/2008,1.23,9.87,1.4643,2.451
9/26/2008,1.08,10.25,1.4596,2.821
9/29/2008,1.56,10.75,1.4381,2.821
9/30/2008,2.03,10.96,1.4081,2.821
10/1/2008,1.15,11.24,1.4058,2.821
10/2/2008,0.67,12,1.3854,2.821
10/3/2008,1.1,12.24,1.3816,3.961
10/6/2008,1.96,13.07,1.3508,3.961
10/7/2008,2.97,13.18,1.3649,3.961
10/8/2008,2.24,13.51,1.368,3.961
10/9/2008,1.4,13.91,1.3646,3.961
10/10/2008,0.79,15.36,1.3471,5.249
10/13/2008,.,15.38,.,5.249
10/14/2008,1.1,14.5,1.3658,5.249
10/15/2008,1.04,15.14,1.3567,5.249
10/16/2008,0.83,15.72,1.3416,5.249
10/17/2008,0.6,15.95,1.3462,5.546
10/20/2008,0.7,15.76,1.3314,5.546
10/21/2008,0.67,15.87,1.3102,5.546
10/22/2008,0.81,16.05,1.2835,5.546
10/23/2008,0.93,16.34,1.2878,5.546
10/24/2008,0.95,16.69,1.2639,4.708
10/27/2008,0.92,16.81,1.2446,4.708
10/28/2008,0.67,16.67,1.2476,4.708
10/29/2008,0.36,16.21,1.2851,4.708
10/30/2008,0.3,15.91,1.285,4.708
10/31/2008,0.22,16.17,1.2682,4.925
11/3/2008,0.23,16.29,1.2719,4.925
11/4/2008,0.23,16.18,1.3021,4.925
11/5/2008,0.23,16.08,1.3039,4.925
11/6/2008,0.23,16.19,1.2756,4.925
11/7/2008,0.27,16.31,1.2777,4.137
11/10/2008,0.29,16.35,1.276,4.137
11/11/2008,.,16.36,.,4.137
11/12/2008,0.35,16.84,1.2558,4.137
11/13/2008,0.35,17.06,1.2526,4.137
11/14/2008,0.34,17.16,1.2731,3.938
11/17/2008,0.37,17.43,1.2726,3.938
11/18/2008,0.38,17.96,1.269,3.938
11/19/2008,0.38,18.61,1.2595,3.938
11/20/2008,0.49,19.48,1.2525,3.938
11/21/2008,0.57,19.92,1.2531,4.553
11/24/2008,0.62,19.87,1.289,4.553
11/25/2008,0.59,19.86,1.303,4.553
11/26/2008,0.53,19.76,1.2828,4.553
11/27/2008,.,19.77,.,4.553
11/28/2008,0.52,19.78,1.2694,4.605
12/1/2008,0.52,19.88,1.2634,4.605
12/2/2008,0.47,20.2,1.2724,4.605
12/3/2008,0.36,20.19,1.2669,4.605
12/4/2008,0.2,20.39,1.284,4.605
12/5/2008,0.12,20.54,1.2654,4.606
12/8/2008,0.12,20.74,1.2942,4.606
12/9/2008,0.13,20.62,1.2937,4.606
12/10/2008,0.11,20.59,1.3024,4.606
12/11/2008,0.14,20.66,1.3294,4.606
12/12/2008,0.15,20.92,1.3349,4.481
12/15/2008,0.18,21.3,1.3664,4.481
12/16/2008,0.17,21.82,1.381,4.481
12/17/2008,0.12,21.44,1.4358,4.481
12/18/2008,0.11,21.06,1.4298,4.481
12/19/2008,0.11,20.72,1.3875,3.941
12/22/2008,0.11,20.43,1.3952,3.941
12/23/2008,0.11,20.18,1.3966,3.941
12/24/2008,0.11,19.82,1.3964,3.941
12/25/2008,.,19.79,.,3.941
12/26/2008,0.09,19.55,1.4062,3.538
12/29/2008,0.1,19.25,1.4232,3.538
12/30/2008,0.09,18.48,1.4085,3.538
12/31/2008,0.14,18.12,1.3919,3.538
1/1/2009,.,,.,3.538
1/2/2009,0.08,17.84,1.3946,3.471
1/5/2009,0.11,17.44,1.3576,3.471
1/6/2009,0.09,16.68,1.3445,3.471
1/7/2009,0.11,16.42,1.3718,3.471
1/8/2009,0.1,16.67,1.3714,3.471
1/9/2009,0.09,16.65,1.3495,3.019
1/12/2009,0.1,16.67,1.3347,3.019
1/13/2009,0.1,16.82,1.3198,3.019
1/14/2009,0.15,16.86,1.3174,3.019
1/15/2009,0.18,16.97,1.3094,3.019
1/16/2009,0.19,16.79,1.3244,2.678
1/19/2009,.,16.81,.,2.678
1/20/2009,0.2,16.79,1.2946,2.678
1/21/2009,0.23,16.71,1.287,2.678
1/22/2009,0.21,16.69,1.2955,2.678
1/23/2009,0.18,16.73,1.2849,2.933
1/26/2009,0.19,16.74,1.3123,2.933
1/27/2009,0.18,16.76,1.3159,2.933
1/28/2009,0.19,16.4,1.3244,2.933
1/29/2009,0.23,16.22,1.2988,2.933
1/30/2009,0.23,16.22,1.2804,3.119
1/31/2009,,16.26,,3.119
2/2/2009,0.24,16.4,1.2808,3.119
2/3/2009,0.24,16.3,1.301,3.119
2/4/2009,0.24,16.15,1.2857,3.119
2/5/2009,0.23,16.13,1.2838,3.119
2/6/2009,0.23,16.05,1.2874,2.781
2/9/2009,0.22,15.98,1.3064,2.781
2/10/2009,0.24,16.07,1.2966,2.781
2/11/2009,0.22,16.17,1.2893,2.781
2/12/2009,0.23,16.27,1.2822,2.781
2/13/2009,0.22,16.21,1.2879,2.722
2/16/2009,.,16.06,.,2.722
2/17/2009,0.25,16.45,1.2571,2.722
2/18/2009,0.23,16.59,1.2547,2.722
2/19/2009,0.21,16.48,1.2675,2.722
2/20/2009,0.2,16.76,1.269,2.845
2/23/2009,0.19,16.85,1.2747,2.845
2/24/2009,0.21,17.22,1.2742,2.845
2/25/2009,0.21,17.17,1.2731,2.845
2/26/2009,0.22,17.18,1.2764,2.845
2/27/2009,0.22,17.39,1.2662,2.989
2/28/2009,,17.38,,2.989
3/2/2009,0.22,17.84,1.258,2.989
3/3/2009,0.2,18.09,1.2549,2.989
3/4/2009,0.21,18.28,1.2607,2.989
3/5/2009,0.2,18.59,1.2565,2.989
3/6/2009,0.2,18.66,1.2674,3.211
3/9/2009,0.2,18.86,1.2636,3.211
3/10/2009,0.2,18.71,1.2752,3.211
3/11/2009,0.19,18.38,1.2774,3.211
3/12/2009,0.18,18.29,1.2799,3.211
3/13/2009,0.15,18.04,1.2891,3.152
3/16/2009,0.2,17.63,1.2997,3.152
3/17/2009,0.2,17.58,1.2972,3.152
3/18/2009,0.18,17.97,1.311,3.152
3/19/2009,0.17,17.74,1.373,3.152
3/20/2009,0.18,17.74,1.3566,2.898
3/23/2009,0.17,17.56,1.3569,2.898
3/24/2009,0.17,17.45,1.3524,2.898
3/25/2009,0.17,17.26,1.3539,2.898
3/26/2009,0.16,17.09,1.356,2.898
3/27/2009,0.15,16.75,1.3306,2.707
3/30/2009,0.16,16.89,1.3146,2.707
3/31/2009,0.16,17.03,1.3261,2.707
4/1/2009,0.16,17.12,1.3223,2.707
4/2/2009,0.16,16.78,1.3458,2.707
4/3/2009,0.13,16.53,1.3447,2.546
4/6/2009,0.14,16.43,1.3363,2.546
4/7/2009,0.14,16.44,1.3282,2.546
4/8/2009,0.14,16.36,1.3288,2.546
4/9/2009,0.14,16.19,1.3149,2.546
4/10/2009,0.15,,1.3143,2.449
4/13/2009,0.13,16.16,1.3354,2.449
4/14/2009,0.16,15.85,1.3277,2.449
4/15/2009,0.16,15.74,1.3182,2.449
4/16/2009,0.15,15.44,1.3197,2.449
4/17/2009,0.13,15.05,1.303,2.257
4/20/2009,0.14,15.17,1.2903,2.257
4/21/2009,0.15,15.35,1.2978,2.257
4/22/2009,0.15,15.27,1.3012,2.257
4/23/2009,0.17,15.17,1.3048,2.257
4/24/2009,0.16,14.87,1.3277,2.242
4/27/2009,0.17,14.91,1.3136,2.242
4/28/2009,0.16,14.79,1.3061,2.242
4/29/2009,0.18,14.46,1.3324,2.242
4/30/2009,0.2,13.45,1.3244,2.242
5/1/2009,0.22,13.34,1.3267,2.1
5/4/2009,0.22,13.23,1.3365,2.1
5/5/2009,0.2,13.08,1.3375,2.1
5/6/2009,0.18,12.94,1.3313,2.1
5/7/2009,0.18,12.54,1.3411,2.1
5/8/2009,0.17,12.41,1.3494,1.801
5/11/2009,0.17,12.58,1.362,1.801
5/12/2009,0.16,12.64,1.3638,1.801
5/13/2009,0.16,12.85,1.3612,1.801
5/14/2009,0.16,12.91,1.3608,1.801
5/15/2009,0.17,12.91,1.3539,1.638
5/18/2009,0.16,12.82,1.3503,1.638
5/19/2009,0.15,12.67,1.3608,1.638
5/20/2009,0.14,12.45,1.3765,1.638
5/21/2009,0.17,12.32,1.3804,1.638
5/22/2009,0.17,12.13,1.4005,1.449
5/25/2009,.,12.15,.,1.449
5/26/2009,0.18,12.09,1.3992,1.449
5/27/2009,0.17,11.87,1.3924,1.449
5/28/2009,0.17,11.74,1.3948,1.449
5/29/2009,0.19,11.76,1.4126,1.498
5/31/2009,,11.7,,1.498
6/1/2009,0.21,11.36,1.4192,1.498
6/2/2009,0.2,11.19,1.427,1.498
6/3/2009,0.21,11.17,1.4194,1.498
6/4/2009,0.2,11.01,1.4187,1.498
6/5/2009,0.21,10.7,1.399,1.42
6/8/2009,0.21,10.6,1.3884,1.42
6/9/2009,0.18,10.59,1.4014,1.42
6/10/2009,0.18,10.42,1.3983,1.42
6/11/2009,0.17,10.43,1.4093,1.42
6/12/2009,0.17,10.41,1.404,1.296
6/15/2009,0.22,10.4,1.3784,1.296
6/16/2009,0.22,10.48,1.3878,1.296
6/17/2009,0.24,10.73,1.385,1.296
6/18/2009,0.25,10.74,1.3978,1.296
6/19/2009,0.25,10.75,1.3998,1.295
6/22/2009,0.24,10.93,1.3846,1.295
6/23/2009,0.24,11.03,1.4035,1.295
6/24/2009,0.21,11.01,1.4015,1.295
6/25/2009,0.19,11.09,1.3953,1.295
6/26/2009,0.18,11.09,1.4056,1.228
6/29/2009,0.17,11.05,1.4058,1.228
6/30/2009,0.22,10.55,1.402,1.228
7/1/2009,0.2,10.5,1.4186,1.228
7/2/2009,0.17,10.52,1.4018,1.228
7/3/2009,0.16,10.52,1.3991,1.074
7/6/2009,0.18,10.61,1.3938,1.074
7/7/2009,0.18,10.63,1.3965,1.074
7/8/2009,0.16,10.84,1.3852,1.074
7/9/2009,0.15,10.79,1.4026,1.074
7/10/2009,0.15,10.89,1.3926,0.996
7/13/2009,0.13,10.92,1.3973,0.996
7/14/2009,0.13,10.76,1.3971,0.996
7/15/2009,0.14,10.52,1.4116,0.996
7/16/2009,0.15,10.57,1.4115,0.996
7/17/2009,0.15,10.41,1.412,0.942
7/20/2009,0.15,10.37,1.4211,0.942
7/21/2009,0.14,10.29,1.4196,0.942
7/22/2009,0.14,10.18,1.422,0.942
7/23/2009,0.15,9.88,1.4266,0.942
7/24/2009,0.15,9.8,1.4213,0.809
7/27/2009,0.16,9.66,1.4212,0.809
7/28/2009,0.15,9.56,1.4215,0.809
7/29/2009,0.17,9.44,1.4033,0.809
7/30/2009,0.17,9.33,1.4066,0.809
7/31/2009,0.18,9.22,1.4279,0.691
8/3/2009,0.18,8.99,1.4416,0.691
8/4/2009,0.17,8.88,1.44,0.691
8/5/2009,0.17,8.77,1.4391,0.691
8/6/2009,0.17,8.73,1.4357,0.691
8/7/2009,0.17,8.57,1.418,0.573
8/10/2009,0.17,8.58,1.4143,0.573
8/11/2009,0.16,8.64,1.4141,0.573
8/12/2009,0.15,8.78,1.4215,0.573
8/13/2009,0.15,8.91,1.4283,0.573
8/14/2009,0.15,8.94,1.4216,0.542
8/17/2009,0.17,9.17,1.4088,0.542
8/18/2009,0.17,9.19,1.4075,0.542
8/19/2009,0.17,9.25,1.4262,0.542
8/20/2009,0.17,9.27,1.4235,0.542
8/21/2009,0.16,9.13,1.4305,0.486
8/24/2009,0.16,9.14,1.432,0.486
8/25/2009,0.15,9.12,1.435,0.486
8/26/2009,0.15,9.11,1.423,0.486
8/27/2009,0.14,9.07,1.4272,0.486
8/28/2009,0.14,9.04,1.4358,0.385
8/31/2009,0.15,9.12,1.4354,0.385
9/1/2009,0.15,9.18,1.4235,0.385
9/2/2009,0.16,9.23,1.4246,0.385
9/3/2009,0.15,9.19,1.4278,0.385
9/4/2009,0.15,9.09,1.4278,0.386
9/7/2009,.,9.1,.,0.386
9/8/2009,0.15,9.03,1.4497,0.386
9/9/2009,0.15,8.98,1.4573,0.386
9/10/2009,0.16,8.93,1.4568,0.386
9/11/2009,0.15,8.78,1.4586,0.213
9/14/2009,0.16,8.57,1.4613,0.213
9/15/2009,0.17,8.35,1.4617,0.213
9/16/2009,0.17,8.09,1.4698,0.213
9/17/2009,0.16,8.09,1.4735,0.213
9/18/2009,0.16,7.98,1.4704,0.109
9/21/2009,0.15,8,1.4692,0.109
9/22/2009,0.15,7.93,1.4795,0.109
9/23/2009,0.15,7.88,1.4752,0.109
9/24/2009,0.14,7.87,1.4696,0.109
9/25/2009,0.13,7.89,1.4682,0.012
9/28/2009,0.13,7.95,1.465,0.012
9/29/2009,0.11,7.91,1.4553,0.012
9/30/2009,0.07,7.93,1.463,0.012
10/1/2009,0.11,8.11,1.4532,0.012
10/2/2009,0.13,8.2,1.459,-0.006
10/5/2009,0.13,8.15,1.4647,-0.006
10/6/2009,0.12,8.05,1.4744,-0.006
10/7/2009,0.13,8.11,1.4675,-0.006
10/8/2009,0.12,8,1.4777,-0.006
10/9/2009,0.12,7.87,1.4715,-0.046
10/12/2009,.,7.88,.,-0.046
10/13/2009,0.12,7.93,1.4839,-0.046
10/14/2009,0.12,7.76,1.4899,-0.046
10/15/2009,0.13,7.69,1.4945,-0.046
10/16/2009,0.12,7.69,1.4889,-0.069
10/19/2009,0.12,7.67,1.4947,-0.069
10/20/2009,0.12,7.66,1.4905,-0.069
10/21/2009,0.11,7.58,1.5009,-0.069
10/22/2009,0.11,7.52,1.5003,-0.069
10/23/2009,0.11,7.45,1.5029,-0.137
10/26/2009,0.11,7.35,1.4941,-0.137
10/27/2009,0.11,7.47,1.4821,-0.137
10/28/2009,0.11,7.59,1.4763,-0.137
10/29/2009,0.11,7.56,1.4819,-0.137
10/30/2009,0.11,7.66,1.4755,-0.048
10/31/2009,,7.6,,-0.048
11/2/2009,0.12,7.6,1.4828,-0.048
11/3/2009,0.12,7.61,1.4658,-0.048
11/4/2009,0.13,7.55,1.4836,-0.048
11/5/2009,0.13,7.56,1.4857,-0.048
11/6/2009,0.12,7.6,1.4835,-0.053
11/9/2009,0.12,7.57,1.4999,-0.053
11/10/2009,0.13,7.52,1.496,-0.053
11/11/2009,.,7.52,.,-0.053
11/12/2009,0.12,7.54,1.4865,-0.053
11/13/2009,0.12,7.52,1.4886,-0.216
11/16/2009,0.12,7.55,1.4977,-0.216
11/17/2009,0.12,7.55,1.483,-0.216
11/18/2009,0.11,7.51,1.499,-0.216
11/19/2009,0.11,7.55,1.4905,-0.216
11/20/2009,0.11,7.54,1.487,-0.283
11/23/2009,0.12,7.52,1.4968,-0.283
11/24/2009,0.12,7.56,1.4937,-0.283
11/25/2009,0.11,7.57,1.5085,-0.283
11/26/2009,.,7.57,.,-0.283
11/27/2009,0.12,7.64,1.4963,-0.324
11/30/2009,0.13,7.65,1.4994,-0.324
12/1/2009,0.13,7.58,1.51,-0.324
12/2/2009,0.13,7.49,1.5059,-0.324
12/3/2009,0.13,7.4,1.5081,-0.324
12/4/2009,0.12,7.24,1.4885,-0.311
12/7/2009,0.12,7.26,1.482,-0.311
12/8/2009,0.12,7.31,1.4741,-0.311
12/9/2009,0.12,7.26,1.4725,-0.311
12/10/2009,0.12,7.18,1.4716,-0.311
12/11/2009,0.12,7.09,1.4601,-0.295
12/14/2009,0.12,6.97,1.4645,-0.295
12/15/2009,0.13,6.86,1.4514,-0.295
12/16/2009,0.14,6.82,1.4577,-0.295
12/17/2009,0.13,6.91,1.4317,-0.295
12/18/2009,0.12,6.84,1.4281,-0.35
12/21/2009,0.12,6.72,1.4319,-0.35
12/22/2009,0.12,6.65,1.4243,-0.35
12/23/2009,0.11,6.6,1.4341,-0.35
12/24/2009,0.11,6.54,1.4367,-0.35
12/25/2009,.,,.,-0.351
12/28/2009,0.12,6.5,1.4392,-0.351
12/29/2009,0.12,6.49,1.4356,-0.351
12/30/2009,0.11,6.5,1.4316,-0.351
12/31/2009,0.05,6.39,1.4332,-0.351
1/1/2010,.,,.,-0.356
1/4/2010,0.12,6.34,1.4419,-0.356
1/5/2010,0.12,6.3,1.4402,-0.356
1/6/2010,0.12,6.17,1.4404,-0.356
1/7/2010,0.1,6.03,1.4314,-0.356
1/8/2010,0.11,6.02,1.4357,-0.431
1/11/2010,0.11,5.99,1.4536,-0.431
1/12/2010,0.11,6.07,1.4523,-0.431
1/13/2010,0.11,6.03,1.4492,-0.431
1/14/2010,0.11,6.04,1.4478,-0.431
1/15/2010,0.12,6.1,1.4376,-0.54
1/18/2010,.,6.1,.,-0.54
1/19/2010,0.13,6.11,1.4269,-0.54
1/20/2010,0.13,6.16,1.4094,-0.54
1/21/2010,0.12,6.24,1.4106,-0.54
1/22/2010,0.11,6.36,1.4154,-0.523
1/25/2010,0.12,6.42,1.4146,-0.523
1/26/2010,0.12,6.44,1.4063,-0.523
1/27/2010,0.12,6.41,1.4053,-0.523
1/28/2010,0.12,6.41,1.3993,-0.523
1/29/2010,0.12,6.46,1.387,-0.454
1/31/2010,,6.54,,-0.454
2/1/2010,0.14,6.54,1.3904,-0.454
2/2/2010,0.14,6.54,1.3955,-0.454
2/3/2010,0.13,6.46,1.3907,-0.454
2/4/2010,0.14,6.59,1.3759,-0.454
2/5/2010,0.13,6.81,1.3608,-0.463
2/8/2010,0.13,6.85,1.3699,-0.463
2/9/2010,0.13,6.88,1.3795,-0.463
2/10/2010,0.12,6.93,1.3722,-0.463
2/11/2010,0.12,6.98,1.364,-0.463
2/12/2010,0.12,7.03,1.3625,-0.381
2/15/2010,.,7.01,.,-0.381
2/16/2010,0.13,7.02,1.3742,-0.381
2/17/2010,0.12,6.8,1.3623,-0.381
2/18/2010,0.12,6.65,1.3563,-0.381
2/19/2010,0.13,6.56,1.3538,-0.435
2/22/2010,0.12,6.5,1.359,-0.435
2/23/2010,0.12,6.6,1.3537,-0.435
2/24/2010,0.11,6.58,1.3576,-0.435
2/25/2010,0.12,6.65,1.3476,-0.435
2/26/2010,0.13,6.66,1.366,-0.511
2/28/2010,,6.71,,-0.511
3/1/2010,0.14,6.66,1.3516,-0.511
3/2/2010,0.14,6.58,1.3564,-0.511
3/3/2010,0.15,6.54,1.3731,-0.511
3/4/2010,0.16,6.49,1.3571,-0.511
3/5/2010,0.17,6.37,1.3608,-0.573
3/8/2010,0.15,6.27,1.3613,-0.573
3/9/2010,0.14,6.23,1.3586,-0.573
3/10/2010,0.14,6.16,1.3658,-0.573
3/11/2010,0.15,6.15,1.3674,-0.573
3/12/2010,0.17,6.11,1.3753,-0.651
3/15/2010,0.2,6.12,1.3652,-0.651
3/16/2010,0.2,6.16,1.3758,-0.651
3/17/2010,0.18,6.11,1.3739,-0.651
3/18/2010,0.18,6.02,1.3603,-0.651
3/19/2010,0.18,5.98,1.353,-0.675
3/22/2010,0.18,6.02,1.3531,-0.675
3/23/2010,0.17,6,1.3535,-0.675
3/24/2010,0.17,5.85,1.3347,-0.675
3/25/2010,0.17,5.78,1.3344,-0.675
3/26/2010,0.17,5.8,1.3398,-0.601
3/29/2010,0.16,5.79,1.3465,-0.601
3/30/2010,0.16,5.77,1.3409,-0.601
3/31/2010,0.09,5.84,1.3526,-0.601
4/1/2010,0.17,5.82,1.3569,-0.601
4/2/2010,0.2,,1.3487,-0.596
4/5/2010,0.2,5.65,1.3486,-0.596
4/6/2010,0.2,5.65,1.3378,-0.596
4/7/2010,0.19,5.72,1.3364,-0.596
4/8/2010,0.19,5.7,1.336,-0.596
4/9/2010,0.19,5.68,1.3468,-0.628
4/12/2010,0.19,5.68,1.3587,-0.628
4/13/2010,0.2,5.66,1.3592,-0.628
4/14/2010,0.2,5.57,1.3666,-0.628
4/15/2010,0.22,5.52,1.354,-0.628
4/16/2010,0.21,5.57,1.3487,-0.685
4/19/2010,0.2,5.59,1.3458,-0.685
4/20/2010,0.2,5.54,1.3446,-0.685
4/21/2010,0.2,5.55,1.3383,-0.685
4/22/2010,0.2,5.5,1.3298,-0.685
4/23/2010,0.2,5.44,1.336,-0.721
4/26/2010,0.2,5.42,1.3336,-0.721
4/27/2010,0.2,5.55,1.323,-0.721
4/28/2010,0.2,5.51,1.313,-0.721
4/29/2010,0.19,5.54,1.3243,-0.721
4/30/2010,0.2,5.61,1.3302,-0.638
5/3/2010,0.2,5.57,1.3183,-0.638
5/4/2010,0.21,5.68,1.3037,-0.638
5/5/2010,0.21,5.91,1.289,-0.638
5/6/2010,0.2,6.26,1.2689,-0.638
5/7/2010,0.2,6.47,1.2721,-0.412
5/10/2010,0.2,6.25,1.2861,-0.412
5/11/2010,0.2,6.34,1.2715,-0.412
5/12/2010,0.2,6.18,1.2642,-0.412
5/13/2010,0.2,6.14,1.2568,-0.412
5/14/2010,0.2,6.33,1.239,-0.323
5/17/2010,0.21,6.36,1.2299,-0.323
5/18/2010,0.21,6.46,1.2358,-0.323
5/19/2010,0.2,6.59,1.2317,-0.323
5/20/2010,0.2,6.92,1.237,-0.323
5/21/2010,0.2,7.02,1.2575,-0.115
5/24/2010,0.21,6.97,1.2406,-0.115
5/25/2010,0.21,7.24,1.2279,-0.115
5/26/2010,0.2,7.07,1.2224,-0.115
5/27/2010,0.2,6.88,1.237,-0.115
5/28/2010,0.19,6.9,1.2369,0.002
5/31/2010,.,6.98,.,0.002
6/1/2010,0.2,7.04,1.2266,0.002
6/2/2010,0.2,7.04,1.2206,0.002
6/3/2010,0.19,6.93,1.2193,0.002
6/4/2010,0.19,7.14,1.1998,-0.015
6/7/2010,0.19,7.18,1.1959,-0.015
6/8/2010,0.19,7.27,1.1995,-0.015
6/9/2010,0.18,7.26,1.2045,-0.015
6/10/2010,0.18,7.19,1.2111,-0.015
6/11/2010,0.18,7.27,1.2077,0.026
6/14/2010,0.18,7.16,1.2277,0.026
6/15/2010,0.19,7.03,1.2327,0.026
6/16/2010,0.19,6.97,1.2323,0.026
6/17/2010,0.19,6.91,1.2365,0.026
6/18/2010,0.18,6.82,1.236,-0.131
6/21/2010,0.17,6.68,1.2385,-0.131
6/22/2010,0.18,6.75,1.2303,-0.131
6/23/2010,0.17,6.82,1.231,-0.131
6/24/2010,0.16,6.89,1.2288,-0.131
6/25/2010,0.16,6.9,1.2332,-0.228
6/28/2010,0.17,6.93,1.2316,-0.228
6/29/2010,0.15,7.06,1.2187,-0.228
6/30/2010,0.09,7.13,1.2291,-0.228
7/1/2010,0.17,7.17,1.2464,-0.228
7/2/2010,0.18,7.13,1.2577,-0.168
7/5/2010,.,7.13,.,-0.168
7/6/2010,0.18,7.14,1.2646,-0.168
7/7/2010,0.18,7.1,1.2594,-0.168
7/8/2010,0.17,6.98,1.2683,-0.168
7/9/2010,0.18,6.88,1.2639,-0.246
7/12/2010,0.17,6.85,1.2573,-0.246
7/13/2010,0.17,6.7,1.2719,-0.246
7/14/2010,0.17,6.68,1.2755,-0.246
7/15/2010,0.19,6.73,1.2893,-0.246
7/16/2010,0.19,6.77,1.2919,-0.344
7/19/2010,0.19,6.77,1.2963,-0.344
7/20/2010,0.18,6.79,1.2905,-0.344
7/21/2010,0.18,6.75,1.2818,-0.344
7/22/2010,0.18,6.67,1.2903,-0.344
7/23/2010,0.19,6.59,1.2874,-0.392
7/26/2010,0.19,6.54,1.2983,-0.392
7/27/2010,0.19,6.43,1.2983,-0.392
7/28/2010,0.2,6.47,1.2998,-0.392
7/29/2010,0.19,6.48,1.3064,-0.392
7/30/2010,0.18,6.57,1.3069,-0.49
7/31/2010,,6.59,,-0.49
8/2/2010,0.19,6.54,1.3174,-0.49
8/3/2010,0.19,6.55,1.3239,-0.49
8/4/2010,0.19,6.49,1.3158,-0.49
8/5/2010,0.19,6.51,1.3157,-0.49
8/6/2010,0.18,6.57,1.3282,-0.554
8/9/2010,0.18,6.54,1.3241,-0.554
8/10/2010,0.18,6.6,1.3095,-0.554
8/11/2010,0.17,6.78,1.2899,-0.554
8/12/2010,0.18,6.83,1.2866,-0.554
8/13/2010,0.19,6.87,1.2767,-0.543
8/16/2010,0.2,6.91,1.2838,-0.543
8/17/2010,0.2,6.82,1.289,-0.543
8/18/2010,0.19,6.78,1.2872,-0.543
8/19/2010,0.19,6.82,1.2837,-0.543
8/20/2010,0.2,6.8,1.2687,-0.522
8/23/2010,0.19,6.82,1.2663,-0.522
8/24/2010,0.19,6.93,1.2675,-0.522
8/25/2010,0.19,6.92,1.2652,-0.522
8/26/2010,0.19,6.93,1.2717,-0.522
8/27/2010,0.19,6.81,1.2765,-0.487
8/30/2010,0.19,6.89,1.2686,-0.487
8/31/2010,0.21,6.92,1.2704,-0.487
9/1/2010,0.19,6.8,1.2813,-0.487
9/2/2010,0.19,6.72,1.2824,-0.487
9/3/2010,0.19,6.62,1.2885,-0.497
9/6/2010,.,6.62,.,-0.497
9/7/2010,0.2,6.68,1.2723,-0.497
9/8/2010,0.19,6.59,1.2727,-0.497
9/9/2010,0.18,6.47,1.2708,-0.497
9/10/2010,0.18,6.37,1.2731,-0.55
9/13/2010,0.18,6.36,1.289,-0.55
9/14/2010,0.19,6.36,1.3014,-0.55
9/15/2010,0.21,6.31,1.3008,-0.55
9/16/2010,0.21,6.25,1.3079,-0.55
9/17/2010,0.21,6.24,1.3046,-0.605
9/20/2010,0.21,6.25,1.3074,-0.605
9/21/2010,0.2,6.32,1.3136,-0.605
9/22/2010,0.21,6.35,1.3385,-0.605
9/23/2010,0.2,6.37,1.3344,-0.605
9/24/2010,0.21,6.32,1.3476,-0.685
9/27/2010,0.19,6.36,1.3475,-0.685
9/28/2010,0.19,6.36,1.3583,-0.685
9/29/2010,0.19,6.29,1.3638,-0.685
9/30/2010,0.15,6.26,1.3601,-0.685
10/1/2010,0.2,6.22,1.3754,-0.733
10/4/2010,0.2,6.23,1.3688,-0.733
10/5/2010,0.2,6.18,1.3834,-0.733
10/6/2010,0.19,6.15,1.3924,-0.733
10/7/2010,0.18,6.13,1.3921,-0.733
10/8/2010,0.18,6.12,1.3923,-0.741
10/11/2010,.,6.11,.,-0.741
10/12/2010,0.18,6.08,1.3846,-0.741
10/13/2010,0.18,6.02,1.3964,-0.741
10/14/2010,0.19,5.97,1.4066,-0.741
10/15/2010,0.2,5.95,1.3998,-0.832
10/18/2010,0.19,6.02,1.3978,-0.832
10/19/2010,0.19,6.04,1.3827,-0.832
10/20/2010,0.19,6.06,1.3949,-0.832
10/21/2010,0.19,6,1.3973,-0.832
10/22/2010,0.19,5.96,1.3904,-0.8
10/25/2010,0.19,5.9,1.3986,-0.8
10/26/2010,0.19,5.79,1.3873,-0.8
10/27/2010,0.19,5.73,1.3788,-0.8
10/28/2010,0.19,5.77,1.3929,-0.8
10/29/2010,0.2,5.82,1.3894,-0.779
10/31/2010,,5.93,,-0.779
11/1/2010,0.2,5.96,1.3888,-0.779
11/2/2010,0.2,5.94,1.4026,-0.779
11/3/2010,0.2,5.92,1.4014,-0.779
11/4/2010,0.19,5.89,1.4224,-0.779
11/5/2010,0.18,5.79,1.4033,-0.81
11/8/2010,0.18,5.76,1.3927,-0.81
11/9/2010,0.17,5.64,1.3865,-0.81
11/10/2010,0.17,5.75,1.3728,-0.81
11/11/2010,.,5.75,.,-0.81
11/12/2010,0.19,5.75,1.37,-0.812
11/15/2010,0.21,5.67,1.3615,-0.812
11/16/2010,0.21,5.89,1.3517,-0.812
11/17/2010,0.2,5.89,1.3555,-0.812
11/18/2010,0.2,5.8,1.3618,-0.812
11/19/2010,0.21,5.81,1.3654,-0.706
11/22/2010,0.19,5.9,1.3612,-0.706
11/23/2010,0.2,6.04,1.3388,-0.706
11/24/2010,0.2,5.93,1.335,-0.706
11/25/2010,.,5.93,.,-0.706
11/26/2010,0.2,5.94,1.3243,-0.731
11/29/2010,0.2,6.03,1.3092,-0.731
11/30/2010,0.2,6.22,1.3036,-0.731
12/1/2010,0.2,6.02,1.3149,-0.731
12/2/2010,0.19,5.93,1.3228,-0.731
12/3/2010,0.18,5.92,1.3367,-0.662
12/6/2010,0.18,5.95,1.3275,-0.662
12/7/2010,0.17,5.69,1.3323,-0.662
12/8/2010,0.17,5.62,1.3242,-0.662
12/9/2010,0.16,5.6,1.3206,-0.662
12/10/2010,0.16,5.54,1.3242,-0.671
12/13/2010,0.17,5.58,1.3389,-0.671
12/14/2010,0.19,5.42,1.3395,-0.671
12/15/2010,0.2,5.4,1.3306,-0.671
12/16/2010,0.2,5.45,1.3206,-0.671
12/17/2010,0.2,5.54,1.3155,-0.628
12/20/2010,0.21,5.52,1.3124,-0.628
12/21/2010,0.2,5.5,1.3131,-0.628
12/22/2010,0.19,5.45,1.3089,-0.628
12/23/2010,0.19,5.37,1.3101,-0.628
12/24/2010,0.19,5.37,.,-0.72
12/27/2010,0.19,5.4,1.3146,-0.72
12/28/2010,0.18,5.28,1.3122,-0.72
12/29/2010,0.18,5.4,1.3183,-0.72
12/30/2010,0.19,5.32,1.3269,-0.72
12/31/2010,0.13,5.41,.,-0.707
1/3/2011,0.19,5.32,1.3371,-0.707
1/4/2011,0.18,5.27,1.3306,-0.707
1/5/2011,0.18,5.11,1.3171,-0.707
1/6/2011,0.17,5.13,1.3027,-0.707
1/7/2011,0.17,5.23,1.2944,-0.735
1/10/2011,0.17,5.28,1.2945,-0.735
1/11/2011,0.17,5.22,1.2978,-0.735
1/12/2011,0.16,5.17,1.3066,-0.735
1/13/2011,0.16,5.18,1.3364,-0.735
1/14/2011,0.16,5.12,1.3328,-0.813
1/17/2011,.,5.12,.,-0.813
1/18/2011,0.19,5.1,1.3399,-0.813
1/19/2011,0.18,5.11,1.3495,-0.813
1/20/2011,0.18,5.03,1.3443,-0.813
1/21/2011,0.17,5.05,1.3581,-0.807
1/24/2011,0.18,5.03,1.3653,-0.807
1/25/2011,0.17,5.06,1.3644,-0.807
1/26/2011,0.17,4.98,1.3688,-0.807
1/27/2011,0.17,4.99,1.3688,-0.807
1/28/2011,0.17,5.03,1.3607,-0.827
1/31/2011,0.17,5.08,1.3715,-0.827
2/1/2011,0.18,4.99,1.3793,-0.827
2/2/2011,0.18,4.89,1.3779,-0.827
2/3/2011,0.17,4.83,1.3654,-0.827
2/4/2011,0.17,4.68,1.3584,-0.79
2/7/2011,0.17,4.64,1.3557,-0.79
2/8/2011,0.16,4.53,1.3687,-0.79
2/9/2011,0.15,4.6,1.3688,-0.79
2/10/2011,0.15,4.55,1.3637,-0.79
2/11/2011,0.15,4.59,1.352,-0.798
2/14/2011,0.15,4.58,1.3474,-0.798
2/15/2011,0.16,4.57,1.3494,-0.798
2/16/2011,0.15,4.54,1.3547,-0.798
2/17/2011,0.15,4.56,1.3612,-0.798
2/18/2011,0.15,4.53,1.3673,-0.814
2/21/2011,.,4.52,.,-0.814
2/22/2011,0.15,4.66,1.3661,-0.814
2/23/2011,0.15,4.66,1.3758,-0.814
2/24/2011,0.15,4.73,1.3794,-0.814
2/25/2011,0.15,4.72,1.3757,-0.789
2/28/2011,0.16,4.78,1.3793,-0.789
3/1/2011,0.15,4.76,1.3813,-0.789
3/2/2011,0.16,4.72,1.3869,-0.789
3/3/2011,0.15,4.6,1.3947,-0.789
3/4/2011,0.15,4.69,1.3983,-0.813
3/7/2011,0.14,4.69,1.3976,-0.813
3/8/2011,0.14,4.64,1.3912,-0.813
3/9/2011,0.14,4.71,1.3906,-0.813
3/10/2011,0.14,4.85,1.3823,-0.813
3/11/2011,0.13,4.88,1.3864,-0.802
3/14/2011,0.14,4.93,1.3975,-0.802
3/15/2011,0.14,5.09,1.3968,-0.802
3/16/2011,0.14,5.16,1.3922,-0.802
3/17/2011,0.14,5.1,1.4021,-0.802
3/18/2011,0.15,5.02,1.4141,-0.704
3/21/2011,0.14,4.93,1.4184,-0.704
3/22/2011,0.14,4.91,1.4212,-0.704
3/23/2011,0.14,4.91,1.4124,-0.704
3/24/2011,0.13,4.84,1.42,-0.704
3/25/2011,0.13,4.79,1.4144,-0.814
3/28/2011,0.13,4.76,1.4104,-0.814
3/29/2011,0.13,4.73,1.409,-0.814
3/30/2011,0.13,4.76,1.4095,-0.814
3/31/2011,0.1,4.77,1.4183,-0.814
4/1/2011,0.11,4.72,1.4215,-0.83
4/4/2011,0.09,4.72,1.4221,-0.83
4/5/2011,0.09,4.65,1.423,-0.83
4/6/2011,0.1,4.57,1.4333,-0.83
4/7/2011,0.1,4.56,1.4287,-0.83
4/8/2011,0.09,4.53,1.4437,-0.858
4/11/2011,0.09,4.53,1.4454,-0.858
4/12/2011,0.08,4.63,1.4455,-0.858
4/13/2011,0.08,4.65,1.4477,-0.858
4/14/2011,0.09,4.6,1.4464,-0.858
4/15/2011,0.12,4.68,1.4443,-0.92
4/18/2011,0.1,4.74,1.4211,-0.92
4/19/2011,.,4.75,1.4319,-0.92
4/20/2011,0.1,4.66,1.4513,-0.92
4/21/2011,0.1,4.65,1.4585,-0.92
4/22/2011,0.1,4.69,1.4545,-0.976
4/25/2011,0.1,4.71,1.4576,-0.976
4/26/2011,0.09,4.67,1.4625,-0.976
4/27/2011,0.09,4.73,1.4659,-0.976
4/28/2011,0.09,4.71,1.4785,-0.976
4/29/2011,0.09,4.76,1.4821,-1.007
5/2/2011,0.09,4.74,1.487,-1.007
5/3/2011,0.09,4.76,1.4875,-1.007
5/4/2011,0.09,4.76,1.4859,-1.007
5/5/2011,0.09,4.8,1.4583,-1.007
5/6/2011,0.09,4.81,1.4495,-0.959
5/9/2011,0.09,4.82,1.4301,-0.959
5/10/2011,0.09,4.76,1.4358,-0.959
5/11/2011,0.09,4.79,1.4269,-0.959
5/12/2011,0.09,4.77,1.4229,-0.959
5/13/2011,0.09,4.8,1.4141,-0.962
5/16/2011,0.1,4.79,1.4219,-0.962
5/17/2011,0.09,4.82,1.4155,-0.962
5/18/2011,0.1,4.79,1.427,-0.962
5/19/2011,0.09,4.8,1.4254,-0.962
5/20/2011,0.1,4.82,1.4172,-0.975
5/23/2011,0.1,4.87,1.4015,-0.975
5/24/2011,0.1,4.89,1.4107,-0.975
5/25/2011,0.09,4.92,1.4102,-0.975
5/26/2011,0.09,5.01,1.4088,-0.975
5/27/2011,0.1,5.01,1.4287,-0.994
5/30/2011,.,5.01,.,-0.994
5/31/2011,0.1,5.09,1.4376,-0.994
6/1/2011,0.1,5.15,1.4431,-0.994
6/2/2011,0.1,5.15,1.4426,-0.994
6/3/2011,0.11,5.24,1.4604,-0.974
6/6/2011,0.1,5.25,1.462,-0.974
6/7/2011,0.09,5.28,1.4675,-0.974
6/8/2011,0.09,5.38,1.4587,-0.974
6/9/2011,0.09,5.38,1.4534,-0.974
6/10/2011,0.09,5.43,1.4365,-0.931
6/13/2011,0.1,5.47,1.4368,-0.931
6/14/2011,0.1,5.37,1.4473,-0.931
6/15/2011,0.1,5.52,1.4221,-0.931
6/16/2011,0.1,5.65,1.4155,-0.931
6/17/2011,0.1,5.64,1.4326,-0.856
6/20/2011,0.09,5.67,1.432,-0.856
6/21/2011,0.09,5.65,1.4399,-0.856
6/22/2011,0.09,5.62,1.4403,-0.856
6/23/2011,0.08,5.75,1.4166,-0.856
6/24/2011,0.08,5.8,1.4189,-0.848
6/27/2011,0.08,5.78,1.4282,-0.848
6/28/2011,0.08,5.65,1.4368,-0.848
6/29/2011,0.07,5.53,1.4428,-0.848
6/30/2011,0.07,5.42,1.4523,-0.848
7/1/2011,0.08,5.34,1.4508,-0.853
7/4/2011,.,5.34,.,-0.853
7/5/2011,0.08,5.37,1.447,-0.853
7/6/2011,0.07,5.41,1.4329,-0.853
7/7/2011,0.07,5.27,1.4349,-0.853
7/8/2011,0.07,5.39,1.4251,-0.883
7/11/2011,0.07,5.56,1.4034,-0.883
7/12/2011,0.06,5.6,1.4014,-0.883
7/13/2011,0.06,5.57,1.4167,-0.883
7/14/2011,0.06,5.49,1.4182,-0.883
7/15/2011,0.06,5.51,1.4156,-0.836
7/18/2011,0.06,5.54,1.4042,-0.836
7/19/2011,0.06,5.54,1.4156,-0.836
7/20/2011,0.06,5.46,1.4188,-0.836
7/21/2011,0.06,5.36,1.4372,-0.836
7/22/2011,0.06,5.35,1.4366,-0.875
7/25/2011,0.06,5.33,1.4357,-0.875
7/26/2011,0.06,5.35,1.4495,-0.875
7/27/2011,0.07,5.32,1.4373,-0.875
7/28/2011,0.08,5.37,1.4303,-0.875
7/29/2011,0.11,5.51,1.4388,-0.878
7/31/2011,,5.58,,-0.878
8/1/2011,0.17,5.63,1.4202,-0.878
8/2/2011,0.16,5.8,1.4232,-0.878
8/3/2011,0.12,5.87,1.432,-0.878
8/4/2011,0.09,6.16,1.4158,-0.878
8/5/2011,0.08,6.24,1.4158,-0.766
8/8/2011,0.11,6.84,1.4241,-0.766
8/9/2011,0.1,7.19,1.4242,-0.766
8/10/2011,0.1,7.3,1.4193,-0.766
8/11/2011,0.09,7.39,1.423,-0.766
8/12/2011,0.1,7.3,1.4239,-0.362
8/15/2011,0.1,7.1,1.4452,-0.362
8/16/2011,0.09,7.11,1.4421,-0.362
8/17/2011,0.09,7.08,1.4436,-0.362
8/18/2011,0.09,7.23,1.432,-0.362
8/19/2011,0.09,7.3,1.4408,-0.467
8/22/2011,0.09,7.32,1.4384,-0.467
8/23/2011,0.08,7.46,1.4431,-0.467
8/24/2011,0.08,7.45,1.4402,-0.467
8/25/2011,0.08,7.43,1.438,-0.467
8/26/2011,0.09,7.5,1.4463,-0.32
8/29/2011,0.09,7.39,1.451,-0.32
8/30/2011,0.08,7.39,1.4435,-0.32
8/31/2011,0.08,7.3,1.4406,-0.32
9/1/2011,0.08,7.26,1.4283,-0.32
9/2/2011,0.08,7.33,1.4203,-0.43
9/5/2011,.,7.34,.,-0.43
9/6/2011,0.09,7.54,1.3999,-0.43
9/7/2011,0.09,7.41,1.4058,-0.43
9/8/2011,0.09,7.42,1.3947,-0.43
9/9/2011,0.09,7.51,1.3666,-0.375
9/12/2011,0.09,7.64,1.3635,-0.375
9/13/2011,0.09,7.62,1.368,-0.375
9/14/2011,0.08,7.55,1.371,-0.375
9/15/2011,0.09,7.49,1.3858,-0.375
9/16/2011,0.09,7.46,1.3783,-0.373
9/19/2011,0.09,7.61,1.3636,-0.373
9/20/2011,0.09,7.59,1.3697,-0.373
9/21/2011,0.08,7.61,1.3724,-0.373
9/22/2011,0.08,7.95,1.3446,-0.373
9/23/2011,0.08,8.01,1.3518,-0.314
9/26/2011,0.08,8,1.3516,-0.314
9/27/2011,0.08,7.92,1.3606,-0.314
9/28/2011,0.08,8.03,1.3628,-0.314
9/29/2011,0.08,8.16,1.3639,-0.314
9/30/2011,0.06,8.41,1.3449,-0.171
10/3/2011,0.08,8.72,1.3281,-0.171
10/4/2011,0.07,9.1,1.3294,-0.171
10/5/2011,0.07,8.98,1.3328,-0.171
10/6/2011,0.07,8.72,1.3408,-0.171
10/7/2011,0.07,8.55,1.3512,-0.086
10/10/2011,.,8.56,.,-0.086
10/11/2011,0.07,8.34,1.3657,-0.086
10/12/2011,0.07,8.07,1.3805,-0.086
10/13/2011,0.07,8.05,1.373,-0.086
10/14/2011,0.07,7.89,1.3861,-0.234
10/17/2011,0.07,7.88,1.377,-0.234
10/18/2011,0.07,7.87,1.3719,-0.234
10/19/2011,0.07,7.7,1.3775,-0.234
10/20/2011,0.07,7.64,1.3672,-0.234
10/21/2011,0.07,7.46,1.3873,-0.283
10/24/2011,0.07,7.31,1.3932,-0.283
10/25/2011,0.07,7.29,1.3911,-0.283
10/26/2011,0.08,7.2,1.3838,-0.283
10/27/2011,0.07,6.83,1.4172,-0.283
10/28/2011,0.07,6.85,1.4164,-0.423
10/31/2011,0.09,7.07,1.3947,-0.423
11/1/2011,0.08,7.42,1.3676,-0.423
11/2/2011,0.08,7.35,1.3803,-0.423
11/3/2011,0.09,7.25,1.3744,-0.423
11/4/2011,0.08,7.26,1.3761,-0.39
11/7/2011,0.08,7.29,1.3744,-0.39
11/8/2011,0.08,7.23,1.3785,-0.39
11/9/2011,0.08,7.48,1.3596,-0.39
11/10/2011,0.08,7.46,1.36,-0.39
11/11/2011,.,7.46,.,-0.38
11/14/2011,0.08,7.44,1.3625,-0.38
11/15/2011,0.09,7.49,1.3524,-0.38
11/16/2011,0.08,7.54,1.3505,-0.38
11/17/2011,0.08,7.62,1.3522,-0.38
11/18/2011,0.08,7.61,1.3521,-0.303
11/21/2011,0.08,7.79,1.3525,-0.303
11/22/2011,0.08,7.9,1.35,-0.303
11/23/2011,0.09,8.03,1.3347,-0.303
11/24/2011,.,8.03,.,-0.303
11/25/2011,0.07,8,1.3244,-0.263
11/28/2011,0.08,7.95,1.3334,-0.263
11/29/2011,0.08,7.95,1.3343,-0.263
11/30/2011,0.1,7.79,1.3453,-0.263
12/1/2011,0.08,7.69,1.3487,-0.263
12/2/2011,0.08,7.65,1.3386,-0.331
12/5/2011,0.08,7.56,1.3463,-0.331
12/6/2011,0.08,7.5,1.3397,-0.331
12/7/2011,0.08,7.54,1.3386,-0.331
12/8/2011,0.07,7.56,1.3324,-0.331
12/9/2011,0.07,7.53,1.3368,-0.387
12/12/2011,0.07,7.6,1.3188,-0.387
12/13/2011,0.07,7.6,1.3094,-0.387
12/14/2011,0.07,7.63,1.2972,-0.387
12/15/2011,0.07,7.62,1.3013,-0.387
12/16/2011,0.07,7.65,1.3025,-0.437
12/19/2011,0.07,7.65,1.3017,-0.437
12/20/2011,0.07,7.54,1.3076,-0.437
12/21/2011,0.07,7.49,1.304,-0.437
12/22/2011,0.07,7.45,1.3045,-0.437
12/23/2011,0.08,7.37,1.304,-0.479
12/26/2011,.,,.,-0.479
12/27/2011,0.07,7.37,1.3074,-0.479
12/28/2011,0.07,7.4,1.2926,-0.479
12/29/2011,0.07,7.36,1.2952,-0.479
12/30/2011,0.04,7.38,1.2973,-0.487
12/31/2011,,7.23,,-0.487
1/2/2012,.,,.,-0.487
1/3/2012,0.07,7.06,1.3061,-0.487
1/4/2012,0.07,7,1.293,-0.487
1/5/2012,0.07,7,1.2783,-0.487
1/6/2012,0.07,7,1.2723,-0.534
1/9/2012,0.08,6.99,1.2745,-0.534
1/10/2012,0.08,6.92,1.2782,-0.534
1/11/2012,0.08,6.98,1.2686,-0.534
1/12/2012,0.08,6.93,1.2818,-0.534
1/13/2012,0.09,7.02,1.2682,-0.588
1/16/2012,.,6.98,.,-0.588
1/17/2012,0.09,6.99,1.274,-0.588
1/18/2012,0.09,6.93,1.2825,-0.588
1/19/2012,0.1,6.77,1.2937,-0.588
1/20/2012,0.09,6.69,1.2948,-0.669
1/23/2012,0.09,6.62,1.3035,-0.669
1/24/2012,0.09,6.62,1.3004,-0.669
1/25/2012,0.08,6.63,1.2978,-0.669
1/26/2012,0.08,6.58,1.3152,-0.669
1/27/2012,0.09,6.57,1.3192,-0.706
1/30/2012,0.09,6.65,1.3123,-0.706
1/31/2012,0.11,6.61,1.3053,-0.706
2/1/2012,0.11,6.54,1.3179,-0.706
2/2/2012,0.11,6.55,1.3167,-0.706
2/3/2012,0.11,6.42,1.3106,-0.818
2/6/2012,0.11,6.44,1.313,-0.818
2/7/2012,0.11,6.36,1.3244,-0.818
2/8/2012,0.11,6.29,1.3253,-0.818
2/9/2012,0.11,6.26,1.3297,-0.818
2/10/2012,0.12,6.35,1.3187,-0.837
2/13/2012,0.12,6.27,1.3211,-0.837
2/14/2012,0.12,6.27,1.3149,-0.837
2/15/2012,0.12,6.27,1.3087,-0.837
2/16/2012,0.11,6.26,1.311,-0.837
2/17/2012,0.09,6.2,1.3149,-0.859
2/20/2012,.,6.2,.,-0.859
2/21/2012,0.1,6.14,1.3255,-0.859
2/22/2012,0.08,6.15,1.3251,-0.859
2/23/2012,0.08,6.11,1.3308,-0.859
2/24/2012,0.09,6.01,1.3463,-0.907
2/27/2012,0.1,6.05,1.341,-0.907
2/28/2012,0.1,6.01,1.3452,-0.907
2/29/2012,0.1,5.98,1.3359,-0.907
3/1/2012,0.11,5.94,1.332,-0.907
3/2/2012,0.11,5.97,1.3202,-0.944
3/5/2012,0.11,6.01,1.3226,-0.944
3/6/2012,0.11,6.25,1.3114,-0.944
3/7/2012,0.11,6.18,1.3149,-0.944
3/8/2012,0.11,6.11,1.3256,-0.944
3/9/2012,0.12,6.09,1.3108,-0.917
3/12/2012,0.12,6.06,1.3141,-0.917
3/13/2012,0.12,5.97,1.3109,-0.917
3/14/2012,0.13,5.83,1.3025,-0.917
3/15/2012,0.14,5.87,1.307,-0.917
3/16/2012,0.15,5.86,1.3171,-0.944
3/19/2012,0.15,5.79,1.3242,-0.944
3/20/2012,0.15,5.8,1.3222,-0.944
3/21/2012,0.15,5.85,1.319,-0.944
3/22/2012,0.14,5.91,1.3194,-0.944
3/23/2012,0.14,5.93,1.3263,-0.9
3/26/2012,0.14,5.91,1.3328,-0.9
3/27/2012,0.14,5.93,1.3336,-0.9
3/28/2012,0.13,5.93,1.33,-0.9
3/29/2012,0.13,6.02,1.3265,-0.9
3/30/2012,0.09,5.95,1.3334,-0.961
4/2/2012,0.15,5.99,1.3325,-0.961
4/3/2012,0.15,5.99,1.3337,-0.961
4/4/2012,0.15,5.91,1.3126,-0.961
4/5/2012,0.15,5.99,1.3064,-0.961
4/6/2012,0.12,6.05,1.3089,-0.921
4/9/2012,0.16,6.24,1.3087,-0.921
4/10/2012,0.15,6.32,1.3068,-0.921
4/11/2012,0.16,6.3,1.3104,-0.921
4/12/2012,0.15,6.24,1.3171,-0.921
4/13/2012,0.15,6.26,1.3082,-0.904
4/16/2012,0.15,6.23,1.3067,-0.904
4/17/2012,0.16,6.16,1.3123,-0.904
4/18/2012,0.15,6.16,1.3122,-0.904
4/19/2012,0.13,6.17,1.3132,-0.904
4/20/2012,0.12,6.14,1.3212,-0.957
4/23/2012,0.13,6.2,1.3129,-0.957
4/24/2012,0.14,6.14,1.3207,-0.957
4/25/2012,0.15,6.05,1.321,-0.957
4/26/2012,0.14,6.06,1.3232,-0.957
4/27/2012,0.13,6.02,1.3248,-1.009
4/30/2012,0.16,6.04,1.3229,-1.009
5/1/2012,0.16,5.96,1.3226,-1.009
5/2/2012,0.15,5.96,1.3154,-1.009
5/3/2012,0.15,5.92,1.3147,-1.009
5/4/2012,0.16,5.94,1.3091,-1.043
5/7/2012,0.16,5.95,1.3052,-1.043
5/8/2012,0.16,6,1.3015,-1.043
5/9/2012,0.15,6.04,1.2954,-1.043
5/10/2012,0.15,6,1.2959,-1.043
5/11/2012,0.15,6.02,1.2937,-1.046
5/14/2012,0.16,6.11,1.2847,-1.046
5/15/2012,0.16,6.15,1.2769,-1.046
5/16/2012,0.16,6.22,1.273,-1.046
5/17/2012,0.16,6.44,1.2709,-1.046
5/18/2012,0.16,6.52,1.2721,-0.914
5/21/2012,0.16,6.63,1.2769,-0.914
5/22/2012,0.16,6.55,1.2735,-0.914
5/23/2012,0.15,6.66,1.2569,-0.914
5/24/2012,0.15,6.62,1.2583,-0.914
5/25/2012,0.15,6.63,1.2518,-0.875
5/28/2012,.,6.63,.,-0.875
5/29/2012,0.16,6.59,1.2488,-0.875
5/30/2012,0.16,6.71,1.2405,-0.875
5/31/2012,0.16,6.96,1.2364,-0.875
6/1/2012,0.16,7.16,1.242,-0.822
6/4/2012,0.17,7.17,1.2495,-0.822
6/5/2012,0.17,7.23,1.2437,-0.822
6/6/2012,0.16,7.06,1.2535,-0.822
6/7/2012,0.16,6.95,1.2568,-0.822
6/8/2012,0.17,6.95,1.2482,-0.764
6/11/2012,0.17,6.9,1.2504,-0.764
6/12/2012,0.16,6.9,1.2477,-0.764
6/13/2012,0.17,6.91,1.2596,-0.764
6/14/2012,0.17,6.85,1.2608,-0.764
6/15/2012,0.18,6.84,1.2633,-0.769
6/18/2012,0.17,6.81,1.2578,-0.769
6/19/2012,0.17,6.65,1.2692,-0.769
6/20/2012,0.16,6.54,1.2703,-0.769
6/21/2012,0.17,6.52,1.2586,-0.769
6/22/2012,0.17,6.52,1.2545,-0.904
6/25/2012,0.17,6.6,1.248,-0.904
6/26/2012,0.16,6.57,1.2471,-0.904
6/27/2012,0.15,6.52,1.2457,-0.904
6/28/2012,0.15,6.52,1.2433,-0.904
6/29/2012,0.09,6.36,1.2668,-0.959
6/30/2012,,6.44,,-0.959
7/2/2012,0.18,6.45,1.2584,-0.959
7/3/2012,0.17,6.39,1.262,-0.959
7/4/2012,.,6.38,.,-0.959
7/5/2012,0.17,6.4,1.2384,-0.959
7/6/2012,0.17,6.44,1.2283,-0.989
7/9/2012,0.17,6.44,1.2299,-0.989
7/10/2012,0.17,6.4,1.2255,-0.989
7/11/2012,0.17,6.37,1.2244,-0.989
7/12/2012,0.18,6.41,1.2199,-0.989
7/13/2012,0.19,6.41,1.2232,-1.037
7/16/2012,0.18,6.39,1.2267,-1.037
7/17/2012,0.17,6.36,1.2234,-1.037
7/18/2012,0.16,6.33,1.2261,-1.037
7/19/2012,0.13,6.25,1.2257,-1.037
7/20/2012,0.13,6.28,1.2176,-1.1
7/23/2012,0.14,6.38,1.2126,-1.1
7/24/2012,0.15,6.4,1.2062,-1.1
7/25/2012,0.15,6.4,1.2132,-1.1
7/26/2012,0.14,6.35,1.228,-1.1
7/27/2012,0.14,6.22,1.237,-1.094
7/30/2012,0.14,6.2,1.225,-1.094
7/31/2012,0.13,6.16,1.2315,-1.094
8/1/2012,0.14,6.1,1.2299,-1.094
8/2/2012,0.14,6.13,1.2149,-1.094
8/3/2012,0.14,6.01,1.239,-1.108
8/6/2012,0.14,6,1.2422,-1.108
8/7/2012,0.13,5.91,1.2422,-1.108
8/8/2012,0.13,5.89,1.2364,-1.108
8/9/2012,0.13,5.91,1.2278,-1.108
8/10/2012,0.13,5.98,1.2298,-1.14
8/13/2012,0.13,5.96,1.2339,-1.14
8/14/2012,0.13,5.92,1.2329,-1.14
8/15/2012,0.13,5.88,1.2288,-1.14
8/16/2012,0.13,5.89,1.2356,-1.14
8/17/2012,0.13,5.89,1.2315,-1.13
8/20/2012,0.13,5.86,1.2343,-1.13
8/21/2012,0.13,5.83,1.2472,-1.13
8/22/2012,0.13,5.88,1.2472,-1.13
8/23/2012,0.13,5.89,1.2583,-1.13
8/24/2012,0.13,5.87,1.2533,-1.17
8/27/2012,0.13,5.87,1.2514,-1.17
8/28/2012,0.13,5.88,1.2564,-1.17
8/29/2012,0.13,5.84,1.2538,-1.17
8/30/2012,0.14,5.86,1.2497,-1.17
8/31/2012,0.13,5.98,1.2578,-1.178
9/3/2012,.,5.98,.,-1.178
9/4/2012,0.14,5.94,1.2566,-1.178
9/5/2012,0.16,5.91,1.2603,-1.178
9/6/2012,0.16,5.8,1.2626,-1.178
9/7/2012,0.15,5.74,1.2796,-1.203
9/10/2012,0.15,5.68,1.2795,-1.203
9/11/2012,0.15,5.64,1.2858,-1.203
9/12/2012,0.15,5.51,1.2894,-1.203
9/13/2012,0.15,5.5,1.2912,-1.203
9/14/2012,0.16,5.3,1.3142,-1.268
9/17/2012,0.16,5.32,1.3125,-1.268
9/18/2012,0.16,5.33,1.3051,-1.268
9/19/2012,0.15,5.34,1.3065,-1.268
9/20/2012,0.16,5.38,1.2948,-1.268
9/21/2012,0.15,5.42,1.299,-1.375
9/24/2012,0.16,5.5,1.2909,-1.375
9/25/2012,0.15,5.56,1.2945,-1.375
9/26/2012,0.15,5.8,1.2852,-1.375
9/27/2012,0.14,5.73,1.2874,-1.375
9/28/2012,0.09,5.72,1.2856,-1.348
9/30/2012,,5.74,,-1.348
10/1/2012,0.15,5.71,1.29,-1.348
10/2/2012,0.16,5.72,1.2951,-1.348
10/3/2012,0.16,5.68,1.2909,-1.348
10/4/2012,0.15,5.62,1.3001,-1.348
10/5/2012,0.15,5.55,1.3059,-1.365
10/8/2012,.,5.54,.,-1.365
10/9/2012,0.16,5.56,1.2876,-1.365
10/10/2012,0.16,5.61,1.2888,-1.365
10/11/2012,0.16,5.57,1.2928,-1.365
10/12/2012,0.16,5.56,1.2946,-1.37
10/15/2012,0.16,5.48,1.295,-1.37
10/16/2012,0.16,5.4,1.3036,-1.37
10/17/2012,0.15,5.27,1.3133,-1.37
10/18/2012,0.15,5.24,1.3106,-1.37
10/19/2012,0.16,5.31,1.3022,-1.397
10/22/2012,0.15,5.28,1.3063,-1.397
10/23/2012,0.15,5.41,1.2971,-1.397
10/24/2012,0.17,5.39,1.2946,-1.397
10/25/2012,0.16,5.33,1.2958,-1.397
10/26/2012,0.16,5.41,1.2938,-1.343
10/29/2012,0.17,5.46,1.2906,-1.343
10/30/2012,0.17,,1.2979,-1.343
10/31/2012,0.18,5.63,1.2958,-1.343
11/1/2012,0.17,5.57,1.2937,-1.343
11/2/2012,0.16,5.54,1.2848,-1.334
11/5/2012,0.17,5.57,1.279,-1.334
11/6/2012,0.16,5.49,1.2818,-1.334
11/7/2012,0.16,5.63,1.2759,-1.334
11/8/2012,0.16,5.67,1.274,-1.334
11/9/2012,0.16,5.77,1.2715,-1.352
11/12/2012,.,5.77,.,-1.352
11/13/2012,0.16,5.82,1.2716,-1.352
11/14/2012,0.16,5.84,1.274,-1.352
11/15/2012,0.16,5.94,1.2783,-1.352
11/16/2012,0.16,5.98,1.2715,-1.366
11/19/2012,0.16,5.85,1.2806,-1.366
11/20/2012,0.16,5.79,1.2814,-1.366
11/21/2012,0.16,5.72,1.2816,-1.366
11/22/2012,.,5.72,.,-1.366
11/23/2012,0.16,5.71,1.2959,-1.41
11/26/2012,0.16,5.68,1.2966,-1.41
11/27/2012,0.16,5.65,1.294,-1.41
11/28/2012,0.16,5.66,1.2923,-1.41
11/29/2012,0.16,5.58,1.2953,-1.41
11/30/2012,0.16,5.65,1.301,-1.43
12/3/2012,0.16,5.6,1.3066,-1.43
12/4/2012,0.17,5.58,1.3081,-1.43
12/5/2012,0.16,5.51,1.3077,-1.43
12/6/2012,0.16,5.48,1.2968,-1.43
12/7/2012,0.16,5.42,1.2942,-1.456
12/10/2012,0.16,5.41,1.293,-1.456
12/11/2012,0.17,5.35,1.2992,-1.456
12/12/2012,0.17,5.29,1.3038,-1.456
12/13/2012,0.16,5.27,1.3077,-1.456
12/14/2012,0.17,5.28,1.3134,-1.459
12/17/2012,0.16,5.31,1.3169,-1.459
12/18/2012,0.17,5.19,1.3224,-1.459
12/19/2012,0.17,5.19,1.326,-1.459
12/20/2012,0.17,5.19,1.3224,-1.459
12/21/2012,0.17,5.26,1.3166,-1.415
12/24/2012,0.18,5.24,1.3179,-1.415
12/25/2012,.,,.,-1.415
12/26/2012,0.17,5.24,1.3228,-1.415
12/27/2012,0.17,5.28,1.3228,-1.415
12/28/2012,0.17,5.3,1.322,-1.386
12/31/2012,0.09,5.34,1.3186,-1.386
1/1/2013,.,,.,-1.386
1/2/2013,0.17,5.16,1.3195,-1.386
1/3/2013,0.17,5.06,1.311,-1.386
1/4/2013,0.16,5.04,1.3047,-1.431
1/7/2013,0.16,5.02,1.3099,-1.431
1/8/2013,0.15,5.02,1.3068,-1.431
1/9/2013,0.14,4.99,1.3078,-1.431
1/10/2013,0.14,4.94,1.322,-1.431
1/11/2013,0.14,4.93,1.3353,-1.48
1/14/2013,0.14,4.91,1.3369,-1.48
1/15/2013,0.15,4.96,1.3342,-1.48
1/16/2013,0.14,4.95,1.3305,-1.48
1/17/2013,0.14,4.88,1.3356,-1.48
1/18/2013,0.14,4.89,1.3303,-1.533
1/21/2013,.,4.88,.,-1.533
1/22/2013,0.14,4.88,1.3304,-1.533
1/23/2013,0.13,4.85,1.3308,-1.533
1/24/2013,0.15,4.82,1.3378,-1.533
1/25/2013,0.14,4.73,1.3456,-1.532
1/28/2013,0.14,4.72,1.3459,-1.532
1/29/2013,0.12,4.78,1.3484,-1.532
1/30/2013,0.12,4.84,1.3564,-1.532
1/31/2013,0.15,4.95,1.3584,-1.532
2/1/2013,0.14,4.94,1.3692,-1.454
2/4/2013,0.13,5.01,1.3527,-1.454
2/5/2013,0.13,5.01,1.3569,-1.454
2/6/2013,0.13,5.04,1.3528,-1.454
2/7/2013,0.13,5.08,1.3382,-1.454
2/8/2013,0.14,5.08,1.3366,-1.464
2/11/2013,0.14,5.06,1.3414,-1.464
2/12/2013,0.13,5.04,1.345,-1.464
2/13/2013,0.14,4.97,1.3448,-1.464
2/14/2013,0.14,4.97,1.3334,-1.464
2/15/2013,0.16,4.96,1.3362,-1.5
2/18/2013,.,4.95,.,-1.5
2/19/2013,0.15,4.92,1.3387,-1.5
2/20/2013,0.15,4.92,1.335,-1.5
2/21/2013,0.16,4.99,1.3204,-1.5
2/22/2013,0.16,4.97,1.3166,-1.514
2/25/2013,0.15,4.97,1.3172,-1.514
2/26/2013,0.14,5.02,1.3054,-1.514
2/27/2013,0.14,4.98,1.3104,-1.514
2/28/2013,0.14,4.98,1.3079,-1.514
3/1/2013,0.14,5,1.2988,-1.499
3/4/2013,0.16,4.98,1.2996,-1.499
3/5/2013,0.15,4.92,1.3019,-1.499
3/6/2013,0.15,4.88,1.299,-1.499
3/7/2013,0.16,4.81,1.3098,-1.499
3/8/2013,0.15,4.76,1.2992,-1.535
3/11/2013,0.16,4.75,1.3014,-1.535
3/12/2013,0.15,4.76,1.3023,-1.535
3/13/2013,0.14,4.75,1.2949,-1.535
3/14/2013,0.15,4.71,1.2974,-1.535
3/15/2013,0.16,4.72,1.3076,-1.569
3/18/2013,0.16,4.77,1.2956,-1.569
3/19/2013,0.15,4.78,1.2888,-1.569
3/20/2013,0.15,4.76,1.295,-1.569
3/21/2013,0.16,4.76,1.2928,-1.569
3/22/2013,0.15,4.78,1.2996,-1.519
3/25/2013,0.15,4.75,1.2881,-1.519
3/26/2013,0.14,4.78,1.2858,-1.519
3/27/2013,0.12,4.81,1.2782,-1.519
3/28/2013,0.13,4.8,1.2842,-1.519
3/29/2013,0.09,4.86,1.2816,-1.551
4/1/2013,0.16,4.87,1.2857,-1.551
4/2/2013,0.15,4.84,1.2836,-1.551
4/3/2013,0.14,4.87,1.2847,-1.551
4/4/2013,0.14,4.89,1.2854,-1.551
4/5/2013,0.15,4.95,1.3027,-1.53
4/8/2013,0.15,4.9,1.3008,-1.53
4/9/2013,0.15,4.87,1.3092,-1.53
4/10/2013,0.15,4.78,1.306,-1.53
4/11/2013,0.15,4.73,1.3124,-1.53
4/12/2013,0.15,4.75,1.3094,-1.594
4/15/2013,0.15,4.79,1.3082,-1.594
4/16/2013,0.15,4.78,1.3141,-1.594
4/17/2013,0.15,4.8,1.3049,-1.594
4/18/2013,0.15,4.8,1.3072,-1.594
4/19/2013,0.15,4.78,1.3066,-1.549
4/22/2013,0.15,4.75,1.305,-1.549
4/23/2013,0.14,4.71,1.3012,-1.549
4/24/2013,0.13,4.66,1.2997,-1.549
4/25/2013,0.13,4.61,1.3004,-1.549
4/26/2013,0.13,4.6,1.3024,-1.607
4/29/2013,0.13,4.53,1.309,-1.607
4/30/2013,0.14,4.55,1.3168,-1.607
5/1/2013,0.14,4.5,1.3192,-1.607
5/2/2013,0.15,4.45,1.3066,-1.607
5/3/2013,0.14,4.33,1.3112,-1.629
5/6/2013,0.14,4.3,1.3067,-1.629
5/7/2013,0.12,4.24,1.3085,-1.629
5/8/2013,0.12,4.24,1.3177,-1.629
5/9/2013,0.12,4.23,1.3105,-1.629
5/10/2013,0.12,4.23,1.2955,-1.625
5/13/2013,0.12,4.35,1.2981,-1.625
5/14/2013,0.11,4.35,1.2969,-1.625
5/15/2013,0.12,4.36,1.2857,-1.625
5/16/2013,0.11,4.42,1.2898,-1.625
5/17/2013,0.1,4.37,1.2818,-1.554
5/20/2013,0.1,4.34,1.2865,-1.554
5/21/2013,0.09,4.35,1.291,-1.554
5/22/2013,0.08,4.27,1.2864,-1.554
5/23/2013,0.08,4.42,1.2944,-1.554
5/24/2013,0.09,4.45,1.292,-1.5
5/27/2013,.,4.44,.,-1.5
5/28/2013,0.09,4.35,1.287,-1.5
5/29/2013,0.08,4.55,1.2944,-1.5
5/30/2013,0.08,4.54,1.3042,-1.5
5/31/2013,0.09,4.62,1.2988,-1.365
6/3/2013,0.1,4.76,1.3098,-1.365
6/4/2013,0.11,4.79,1.3075,-1.365
6/5/2013,0.09,5.03,1.3088,-1.365
6/6/2013,0.1,5.08,1.3248,-1.365
6/7/2013,0.09,4.89,1.3242,-1.251
6/10/2013,0.09,4.86,1.3234,-1.251
6/11/2013,0.09,5.08,1.3278,-1.251
6/12/2013,0.08,5.02,1.3354,-1.251
6/13/2013,0.09,5.11,1.3314,-1.251
6/14/2013,0.1,5.04,1.333,-1.187
6/17/2013,0.11,4.97,1.3341,-1.187
6/18/2013,0.12,4.96,1.3407,-1.187
6/19/2013,0.1,4.85,1.3404,-1.187
6/20/2013,0.1,5.12,1.3214,-1.187
6/21/2013,0.1,5.09,1.3113,-1.107
6/24/2013,0.1,5.34,1.3091,-1.107
6/25/2013,0.09,5.34,1.308,-1.107
6/26/2013,0.09,5.29,1.3006,-1.107
6/27/2013,0.09,5.23,1.3016,-1.107
6/28/2013,0.07,5.16,1.301,-0.954
6/30/2013,,5.21,,-0.954
7/1/2013,0.1,5.17,1.306,-0.954
7/2/2013,0.1,5.15,1.3017,-0.954
7/3/2013,0.1,5.15,1.3005,-0.954
7/4/2013,.,5.15,.,-0.954
7/5/2013,0.1,5.04,1.2831,-0.971
7/8/2013,0.1,5.11,1.2863,-0.971
7/9/2013,0.1,5.04,1.2774,-0.971
7/10/2013,0.09,4.98,1.2846,-0.971
7/11/2013,0.09,4.9,1.3046,-0.971
7/12/2013,0.09,4.8,1.3048,-1.052
7/15/2013,0.09,4.77,1.3039,-1.052
7/16/2013,0.09,4.72,1.3144,-1.052
7/17/2013,0.09,4.68,1.3094,-1.052
7/18/2013,0.09,4.57,1.3078,-1.052
7/19/2013,0.09,4.56,1.3142,-1.22
7/22/2013,0.09,4.53,1.3193,-1.22
7/23/2013,0.09,4.5,1.3212,-1.22
7/24/2013,0.09,4.55,1.3228,-1.22
7/25/2013,0.09,4.65,1.3234,-1.22
7/26/2013,0.09,4.71,1.3269,-1.27
7/29/2013,0.08,4.69,1.3262,-1.27
7/30/2013,0.09,4.66,1.3266,-1.27
7/31/2013,0.09,4.71,1.3282,-1.27
8/1/2013,0.08,4.63,1.3217,-1.27
8/2/2013,0.09,4.74,1.3268,-1.224
8/5/2013,0.08,4.74,1.3257,-1.224
8/6/2013,0.09,4.76,1.3296,-1.224
8/7/2013,0.09,4.81,1.3329,-1.224
8/8/2013,0.09,4.8,1.3392,-1.224
8/9/2013,0.08,4.8,1.3338,-1.259
8/12/2013,0.08,4.78,1.3312,-1.259
8/13/2013,0.08,4.72,1.3247,-1.259
8/14/2013,0.09,4.69,1.3256,-1.259
8/15/2013,0.08,4.74,1.3263,-1.259
8/16/2013,0.09,4.7,1.3321,-1.184
8/19/2013,0.09,4.71,1.3348,-1.184
8/20/2013,0.09,4.8,1.3426,-1.184
8/21/2013,0.08,4.77,1.3368,-1.184
8/22/2013,0.09,4.73,1.3362,-1.184
8/23/2013,0.08,4.75,1.3392,-1.041
8/26/2013,0.08,4.75,1.3369,-1.041
8/27/2013,0.07,4.82,1.3387,-1.041
8/28/2013,0.07,4.77,1.3326,-1.041
8/29/2013,0.08,4.76,1.3228,-1.041
8/30/2013,0.07,,1.3196,-1.052
9/2/2013,.,4.78,.,-1.052
9/3/2013,0.09,4.69,1.3164,-1.052
9/4/2013,0.08,4.64,1.3212,-1.052
9/5/2013,0.08,4.59,1.312,-1.052
9/6/2013,0.08,4.63,1.3166,-0.968
9/9/2013,0.08,4.66,1.326,-0.968
9/10/2013,0.08,4.6,1.326,-0.968
9/11/2013,0.08,4.63,1.3301,-0.968
9/12/2013,0.08,4.61,1.3315,-0.968
9/13/2013,0.08,4.6,1.3276,-1.05
9/16/2013,0.08,4.54,1.335,-1.05
9/17/2013,0.08,4.59,1.3357,-1.05
9/18/2013,0.08,4.67,1.3351,-1.05
9/19/2013,0.09,4.51,1.3527,-1.05
9/20/2013,0.08,4.54,1.3522,-1.174
9/23/2013,0.09,4.6,1.352,-1.174
9/24/2013,0.09,4.65,1.349,-1.174
9/25/2013,0.08,4.7,1.3536,-1.174
9/26/2013,0.08,4.69,1.3484,-1.174
9/27/2013,0.08,4.75,1.3537,-1.232
9/30/2013,0.06,4.83,1.3535,-1.232
10/1/2013,0.08,4.78,1.3534,-1.232
10/2/2013,0.07,4.78,1.3592,-1.232
10/3/2013,0.08,4.75,1.3642,-1.232
10/4/2013,0.08,4.7,1.3582,-1.161
10/7/2013,0.08,4.69,1.3569,-1.161
10/8/2013,0.08,4.68,1.3582,-1.161
10/9/2013,0.09,4.67,1.3513,-1.161
10/10/2013,0.09,4.61,1.3535,-1.161
10/11/2013,0.1,4.62,1.3559,-1.17
10/14/2013,.,4.6,.,-1.17
10/15/2013,0.1,4.54,1.3494,-1.17
10/16/2013,0.11,4.55,1.349,-1.17
10/17/2013,0.1,4.53,1.3664,-1.17
10/18/2013,0.1,4.46,1.3693,-1.286
10/21/2013,0.09,4.41,1.3672,-1.286
10/22/2013,0.08,4.44,1.3778,-1.286
10/23/2013,0.08,4.44,1.3786,-1.286
10/24/2013,0.08,4.4,1.381,-1.286
10/25/2013,0.08,4.42,1.3794,-1.383
10/28/2013,0.08,4.44,1.3786,-1.383
10/29/2013,0.08,4.45,1.377,-1.383
10/30/2013,0.08,4.43,1.3771,-1.383
10/31/2013,0.07,4.36,1.3594,-1.383
11/1/2013,0.08,4.31,1.3488,-1.388
11/4/2013,0.08,4.33,1.3516,-1.388
11/5/2013,0.08,4.33,1.347,-1.388
11/6/2013,0.08,4.35,1.353,-1.388
11/7/2013,0.08,4.34,1.339,-1.388
11/8/2013,0.08,4.38,1.3357,-1.348
11/11/2013,.,4.38,.,-1.348
11/12/2013,0.08,4.35,1.3428,-1.348
11/13/2013,0.08,4.42,1.3456,-1.348
11/14/2013,0.09,4.41,1.3468,-1.348
11/15/2013,0.09,4.38,1.348,-1.365
11/18/2013,0.09,4.35,1.352,-1.365
11/19/2013,0.09,4.31,1.3529,-1.365
11/20/2013,0.09,4.29,1.3451,-1.365
11/21/2013,0.09,4.32,1.347,-1.365
11/22/2013,0.09,4.3,1.3547,-1.382
11/25/2013,0.09,4.27,1.3502,-1.382
11/26/2013,0.09,4.27,1.3555,-1.382
11/27/2013,0.09,4.24,1.3563,-1.382
11/28/2013,.,4.24,.,-1.382
11/29/2013,0.07,4.23,1.3606,-1.376
11/30/2013,,4.27,,-1.376
12/2/2013,0.09,4.19,1.3552,-1.376
12/3/2013,0.09,4.22,1.3604,-1.376
12/4/2013,0.09,4.19,1.3555,-1.376
12/5/2013,0.09,4.16,1.3664,-1.376
12/6/2013,0.09,4.13,1.369,-1.297
12/9/2013,0.09,4.11,1.3726,-1.297
12/10/2013,0.09,4.15,1.3765,-1.297
12/11/2013,0.08,4.11,1.3798,-1.297
12/12/2013,0.09,4.11,1.3752,-1.297
12/13/2013,0.08,4.12,1.3724,-1.315
12/16/2013,0.09,4.09,1.3757,-1.315
12/17/2013,0.09,4.15,1.3748,-1.315
12/18/2013,0.09,4.14,1.3766,-1.315
12/19/2013,0.09,4.07,1.3666,-1.315
12/20/2013,0.09,4.04,1.3673,-1.343
12/23/2013,0.09,4,1.3701,-1.343
12/24/2013,0.08,3.96,1.3676,-1.343
12/25/2013,.,,.,-1.343
12/26/2013,0.08,3.96,1.369,-1.343
12/27/2013,0.08,3.96,1.3766,-1.386
12/30/2013,0.08,3.97,1.3816,-1.386
12/31/2013,0.07,4,1.3779,-1.386
1/1/2014,.,,.,-1.386
1/2/2014,0.08,4,1.367,-1.386
1/3/2014,0.08,3.98,1.3606,-1.346
1/6/2014,0.08,3.96,1.3636,-1.346
1/7/2014,0.07,3.92,1.3618,-1.346
1/8/2014,0.07,3.87,1.3586,-1.346
1/9/2014,0.07,3.88,1.3591,-1.346
1/10/2014,0.07,3.95,1.3664,-1.382
1/13/2014,0.07,3.97,1.3647,-1.382
1/14/2014,0.07,3.92,1.3682,-1.382
1/15/2014,0.07,3.87,1.3604,-1.382
1/16/2014,0.07,3.88,1.36,-1.382
1/17/2014,0.07,3.88,1.3554,-1.452
1/20/2014,.,3.88,.,-1.452
1/21/2014,0.07,3.86,1.356,-1.452
1/22/2014,0.07,3.82,1.3546,-1.452
1/23/2014,0.07,3.92,1.368,-1.452
1/24/2014,0.07,4.08,1.368,-1.417
1/27/2014,0.07,4.09,1.3679,-1.417
1/28/2014,0.07,4.08,1.3662,-1.417
1/29/2014,0.07,4.15,1.3663,-1.417
1/30/2014,0.07,4.12,1.3549,-1.417
1/31/2014,0.07,4.21,1.35,-1.346
2/3/2014,0.07,4.28,1.3523,-1.346
2/4/2014,0.07,4.31,1.3507,-1.346
2/5/2014,0.07,4.28,1.3519,-1.346
2/6/2014,0.07,4.21,1.3604,-1.346
2/7/2014,0.06,4.2,1.3614,-1.326
2/10/2014,0.07,4.16,1.3644,-1.326
2/11/2014,0.06,4.08,1.3654,-1.326
2/12/2014,0.07,4.01,1.3592,-1.326
2/13/2014,0.06,4.07,1.3669,-1.326
2/14/2014,0.06,4.03,1.369,-1.415
2/17/2014,.,4.03,.,-1.415
2/18/2014,0.07,4.01,1.3758,-1.415
2/19/2014,0.07,3.95,1.3762,-1.415
2/20/2014,0.07,3.92,1.369,-1.415
2/21/2014,0.07,3.9,1.3722,-1.432
2/24/2014,0.07,3.85,1.3744,-1.432
2/25/2014,0.07,3.84,1.3749,-1.432
2/26/2014,0.07,3.84,1.3668,-1.432
2/27/2014,0.07,3.83,1.3724,-1.432
2/28/2014,0.06,3.81,1.3806,-1.479
3/3/2014,0.07,3.87,1.3763,-1.479
3/4/2014,0.07,3.79,1.3731,-1.479
3/5/2014,0.08,3.78,1.3734,-1.479
3/6/2014,0.08,3.78,1.3848,-1.479
3/7/2014,0.08,3.79,1.3868,-1.462
3/10/2014,0.08,3.82,1.388,-1.462
3/11/2014,0.08,3.82,1.3867,-1.462
3/12/2014,0.08,3.87,1.3904,-1.462
3/13/2014,0.08,3.92,1.3927,-1.462
3/14/2014,0.08,3.96,1.3924,-1.453
3/17/2014,0.08,3.9,1.3927,-1.453
3/18/2014,0.08,3.87,1.3913,-1.453
3/19/2014,0.08,3.74,1.391,-1.453
3/20/2014,0.08,3.79,1.3784,-1.453
3/21/2014,0.08,3.76,1.3783,-1.443
3/24/2014,0.09,3.75,1.3784,-1.443
3/25/2014,0.09,3.73,1.3777,-1.443
3/26/2014,0.08,3.75,1.3786,-1.443
3/27/2014,0.08,3.77,1.3752,-1.443
3/28/2014,0.08,3.73,1.3753,-1.473
3/31/2014,0.06,3.77,1.3777,-1.473
4/1/2014,0.08,3.73,1.3804,-1.473
4/2/2014,0.09,3.66,1.3761,-1.473
4/3/2014,0.08,3.64,1.3708,-1.473
4/4/2014,0.08,3.68,1.3704,-1.457
4/7/2014,0.09,3.72,1.3745,-1.457
4/8/2014,0.08,3.73,1.3802,-1.457
4/9/2014,0.08,3.74,1.3816,-1.457
4/10/2014,0.08,3.77,1.3892,-1.457
4/11/2014,0.09,3.82,1.3898,-1.493
4/14/2014,0.09,3.76,1.3824,-1.493
4/15/2014,0.1,3.75,1.3806,-1.493
4/16/2014,0.09,3.73,1.382,-1.493
4/17/2014,0.09,3.68,1.3832,-1.493
4/18/2014,0.1,,1.3816,-1.501
4/21/2014,0.1,3.67,1.379,-1.501
4/22/2014,0.1,3.65,1.3804,-1.501
4/23/2014,0.1,3.68,1.3814,-1.501
4/24/2014,0.1,3.66,1.3828,-1.501
4/25/2014,0.09,3.69,1.3838,-1.538
4/28/2014,0.09,3.68,1.3844,-1.538
4/29/2014,0.1,3.66,1.3808,-1.538
4/30/2014,0.09,3.71,1.387,-1.538
5/1/2014,0.09,3.75,1.3867,-1.538
5/2/2014,0.09,3.73,1.3864,-1.542
5/5/2014,0.09,3.74,1.3884,-1.542
5/6/2014,0.09,3.72,1.3924,-1.542
5/7/2014,0.08,3.74,1.3917,-1.542
5/8/2014,0.08,3.75,1.3864,-1.542
5/9/2014,0.08,3.74,1.3763,-1.554
5/12/2014,0.08,3.7,1.376,-1.554
5/13/2014,0.09,3.7,1.3711,-1.554
5/14/2014,0.08,3.73,1.3718,-1.554
5/15/2014,0.09,3.78,1.3712,-1.554
5/16/2014,0.09,3.77,1.3708,-1.577
5/19/2014,0.09,3.76,1.3716,-1.577
5/20/2014,0.09,3.77,1.3702,-1.577
5/21/2014,0.09,3.77,1.3657,-1.577
5/22/2014,0.09,3.78,1.3652,-1.577
5/23/2014,0.09,3.78,1.3628,-1.584
5/26/2014,.,3.78,.,-1.584
5/27/2014,0.09,3.76,1.3618,-1.584
5/28/2014,0.09,3.8,1.3596,-1.584
5/29/2014,0.09,3.78,1.3608,-1.584
5/30/2014,0.08,3.75,1.364,-1.627
5/31/2014,,3.67,,-1.627
6/2/2014,0.09,3.61,1.3606,-1.627
6/3/2014,0.1,3.59,1.3624,-1.627
6/4/2014,0.09,3.59,1.3619,-1.627
6/5/2014,0.09,3.59,1.3618,-1.627
6/6/2014,0.09,3.53,1.3639,-1.589
6/9/2014,0.09,3.5,1.3589,-1.589
6/10/2014,0.09,3.46,1.3543,-1.589
6/11/2014,0.09,3.46,1.3532,-1.589
6/12/2014,0.09,3.5,1.3556,-1.589
6/13/2014,0.1,3.47,1.3522,-1.618
6/16/2014,0.1,3.43,1.3578,-1.618
6/17/2014,0.1,3.39,1.3543,-1.618
6/18/2014,0.1,3.41,1.3567,-1.618
6/19/2014,0.1,3.39,1.362,-1.618
6/20/2014,0.1,3.36,1.3586,-1.629
6/23/2014,0.1,3.35,1.3593,-1.629
6/24/2014,0.1,3.37,1.3588,-1.629
6/25/2014,0.1,3.43,1.3638,-1.629
6/26/2014,0.1,3.47,1.361,-1.629
6/27/2014,0.1,3.48,1.3631,-1.66
6/30/2014,0.09,3.53,1.369,-1.66
7/1/2014,0.1,3.5,1.3681,-1.66
7/2/2014,0.1,3.46,1.3656,-1.66
7/3/2014,0.09,3.44,1.361,-1.66
7/4/2014,.,3.44,.,-1.633
7/7/2014,0.1,3.44,1.3604,-1.633
7/8/2014,0.09,3.48,1.3614,-1.633
7/9/2014,0.09,3.51,1.363,-1.633
7/10/2014,0.09,3.62,1.36,-1.633
7/11/2014,0.09,3.61,1.3598,-1.626
7/14/2014,0.09,3.57,1.362,-1.626
7/15/2014,0.09,3.6,1.3573,-1.626
7/16/2014,0.09,3.63,1.353,-1.626
7/17/2014,0.09,3.74,1.353,-1.626
7/18/2014,0.09,3.78,1.3515,-1.61
7/21/2014,0.1,3.8,1.3524,-1.61
7/22/2014,0.09,3.79,1.347,-1.61
7/23/2014,0.09,3.77,1.3462,-1.61
7/24/2014,0.09,3.72,1.3468,-1.61
7/25/2014,0.09,3.75,1.3431,-1.617
7/28/2014,0.09,3.74,1.344,-1.617
7/29/2014,0.09,3.8,1.341,-1.617
7/30/2014,0.09,3.79,1.3378,-1.617
7/31/2014,0.08,4.04,1.339,-1.617
8/1/2014,0.09,4.25,1.3436,-1.551
8/4/2014,0.09,4.24,1.3414,-1.551
8/5/2014,0.09,4.17,1.3366,-1.551
8/6/2014,0.09,4.21,1.3355,-1.551
8/7/2014,0.09,4.2,1.3362,-1.551
8/8/2014,0.09,4.2,1.3412,-1.483
8/11/2014,0.09,4.12,1.3385,-1.483
8/12/2014,0.09,4.07,1.3357,-1.483
8/13/2014,0.09,4.03,1.3367,-1.483
8/14/2014,0.09,3.97,1.3376,-1.483
8/15/2014,0.09,3.97,1.3392,-1.543
8/18/2014,0.09,3.89,1.3358,-1.543
8/19/2014,0.09,3.85,1.332,-1.543
8/20/2014,0.09,3.79,1.3284,-1.543
8/21/2014,0.09,3.81,1.3284,-1.543
8/22/2014,0.09,3.79,1.3237,-1.566
8/25/2014,0.09,3.77,1.3206,-1.566
8/26/2014,0.09,3.78,1.3189,-1.566
8/27/2014,0.09,3.81,1.3192,-1.566
8/28/2014,0.09,3.82,1.3178,-1.566
8/29/2014,0.07,3.8,1.315,-1.595
8/31/2014,,3.84,,-1.595
9/1/2014,.,3.84,.,-1.595
9/2/2014,0.09,3.8,1.3124,-1.595
9/3/2014,0.09,3.83,1.3136,-1.595
9/4/2014,0.09,3.85,1.2926,-1.595
9/5/2014,0.09,3.93,1.2956,-1.545
9/8/2014,0.09,3.92,1.2948,-1.545
9/9/2014,0.09,3.93,1.2909,-1.545
9/10/2014,0.09,4.01,1.2908,-1.545
9/11/2014,0.09,4.05,1.2936,-1.545
9/12/2014,0.09,4.03,1.2955,-1.48
9/15/2014,0.09,4.06,1.2951,-1.48
9/16/2014,0.09,4.1,1.2976,-1.48
9/17/2014,0.09,4.05,1.2958,-1.48
9/18/2014,0.09,3.98,1.2913,-1.48
9/19/2014,0.09,3.97,1.2835,-1.445
9/22/2014,0.09,4.02,1.2829,-1.445
9/23/2014,0.09,4.13,1.2858,-1.445
9/24/2014,0.09,4.18,1.2788,-1.445
9/25/2014,0.09,4.33,1.2748,-1.445
9/26/2014,0.09,4.4,1.2686,-1.409
9/29/2014,0.08,4.51,1.2703,-1.409
9/30/2014,0.07,4.4,1.2628,-1.409
10/1/2014,0.09,4.45,1.2618,-1.409
10/2/2014,0.09,4.42,1.267,-1.409
10/3/2014,0.09,4.29,1.2517,-1.372
10/6/2014,0.09,4.26,1.2592,-1.372
10/7/2014,0.09,4.37,1.2626,-1.372
10/8/2014,0.09,4.48,1.2683,-1.372
10/9/2014,0.08,4.52,1.2683,-1.372
10/10/2014,0.09,4.66,1.2636,-1.36
10/13/2014,.,4.66,.,-1.36
10/14/2014,0.09,4.83,1.266,-1.36
10/15/2014,0.09,5.08,1.2778,-1.36
10/16/2014,0.09,4.98,1.2812,-1.36
10/17/2014,0.09,4.68,1.2755,-1.16
10/20/2014,0.09,4.68,1.2783,-1.16
10/21/2014,0.09,4.5,1.2724,-1.16
10/22/2014,0.09,4.44,1.2658,-1.16
10/23/2014,0.09,4.38,1.2658,-1.16
10/24/2014,0.09,4.38,1.2675,-1.324
10/27/2014,0.09,4.41,1.2712,-1.324
10/28/2014,0.09,4.39,1.2747,-1.324
10/29/2014,0.09,4.32,1.2762,-1.324
10/30/2014,0.09,4.35,1.2622,-1.324
10/31/2014,0.07,4.3,1.253,-1.387
11/3/2014,0.09,4.29,1.2487,-1.387
11/4/2014,0.1,4.35,1.2554,-1.387
11/5/2014,0.09,4.32,1.2488,-1.387
11/6/2014,0.09,4.3,1.2414,-1.387
11/7/2014,0.09,4.36,1.2422,-1.409
11/10/2014,0.09,4.32,1.2425,-1.409
11/11/2014,.,4.32,.,-1.409
11/12/2014,0.09,4.33,1.2456,-1.409
11/13/2014,0.09,4.37,1.2476,-1.409
11/14/2014,0.09,4.43,1.2494,-1.413
11/17/2014,0.1,4.46,1.2447,-1.413
11/18/2014,0.11,4.53,1.2534,-1.413
11/19/2014,0.1,4.57,1.2548,-1.413
11/20/2014,0.1,4.61,1.2526,-1.413
11/21/2014,0.1,4.54,1.2394,-1.37
11/24/2014,0.1,4.54,1.2427,-1.37
11/25/2014,0.1,4.54,1.2472,-1.37
11/26/2014,0.1,4.56,1.2503,-1.37
11/27/2014,.,4.56,.,-1.37
11/28/2014,0.08,4.64,1.2438,-1.417
12/1/2014,0.13,4.67,1.249,-1.417
12/2/2014,0.12,4.82,1.239,-1.417
12/3/2014,0.12,4.82,1.2304,-1.417
12/4/2014,0.12,4.81,1.2432,-1.417
12/5/2014,0.12,4.83,1.2304,-1.359
12/8/2014,0.12,4.77,1.2292,-1.359
12/9/2014,0.12,4.87,1.2415,-1.359
12/10/2014,0.12,5.06,1.2425,-1.359
12/11/2014,0.12,5.21,1.2397,-1.359
12/12/2014,0.12,5.25,1.2484,-1.232
12/15/2014,0.11,5.47,1.247,-1.232
12/16/2014,0.12,5.52,1.2504,-1.232
12/17/2014,0.13,5.71,1.2406,-1.232
12/18/2014,0.13,5.48,1.2291,-1.232
12/19/2014,0.13,5.15,1.2235,-1.151
12/22/2014,0.13,5.09,1.2252,-1.151
12/23/2014,0.13,5.03,1.218,-1.151
12/24/2014,0.13,4.94,1.2188,-1.151
12/25/2014,.,4.93,.,-1.151
12/26/2014,0.13,4.93,.,-1.276
12/29/2014,0.13,4.96,1.2179,-1.276
12/30/2014,0.13,4.98,1.2174,-1.276
12/31/2014,0.06,5.04,1.2101,-1.276
1/1/2015,.,,.,-1.276
1/2/2015,0.12,5.08,1.2015,-1.247
1/5/2015,0.12,5.21,1.1918,-1.247
1/6/2015,0.12,5.37,1.1936,-1.247
1/7/2015,0.12,5.31,1.182,-1.247
1/8/2015,0.12,5.17,1.1811,-1.247
1/9/2015,0.12,5.2,1.183,-1.166
1/12/2015,0.12,5.27,1.1832,-1.166
1/13/2015,0.12,5.28,1.1779,-1.166
1/14/2015,0.12,5.39,1.1806,-1.166
1/15/2015,0.12,5.42,1.1598,-1.166
1/16/2015,0.13,5.39,1.1517,-1.138
1/19/2015,.,5.39,.,-1.138
1/20/2015,0.12,5.36,1.1559,-1.138
1/21/2015,0.12,5.27,1.1584,-1.138
1/22/2015,0.12,5.3,1.1414,-1.138
1/23/2015,0.12,5.26,1.1279,-1.174
1/26/2015,0.12,5.29,1.129,-1.174
1/27/2015,0.11,5.31,1.137,-1.174
1/28/2015,0.12,5.28,1.1342,-1.174
1/29/2015,0.11,5.37,1.1308,-1.174
1/30/2015,0.06,5.26,1.129,-1.199
2/2/2015,0.12,5.26,1.1337,-1.199
2/3/2015,0.12,5.11,1.1462,-1.199
2/4/2015,0.11,5.05,1.1418,-1.199
2/5/2015,0.12,4.99,1.1432,-1.199
2/6/2015,0.11,4.78,1.133,-1.209
2/9/2015,0.12,4.8,1.1316,-1.209
2/10/2015,0.12,4.75,1.1316,-1.209
2/11/2015,0.12,4.76,1.13,-1.209
2/12/2015,0.12,4.74,1.141,-1.209
2/13/2015,0.12,4.71,1.1408,-1.202
2/16/2015,.,4.69,.,-1.202
2/17/2015,0.12,4.57,1.1395,-1.202
2/18/2015,0.12,4.62,1.1342,-1.202
2/19/2015,0.12,4.58,1.1392,-1.202
2/20/2015,0.12,4.53,1.1372,-1.214
2/23/2015,0.11,4.56,1.1346,-1.214
2/24/2015,0.11,4.58,1.1307,-1.214
2/25/2015,0.11,4.54,1.1363,-1.214
2/26/2015,0.11,4.43,1.1212,-1.214
2/27/2015,0.06,4.43,1.1197,-1.293
2/28/2015,,4.46,,-1.293
3/2/2015,0.12,4.38,1.119,-1.293
3/3/2015,0.12,4.38,1.1212,-1.293
3/4/2015,0.11,4.44,1.107,-1.293
3/5/2015,0.11,4.46,1.1006,-1.293
3/6/2015,0.12,4.42,1.0855,-1.287
3/9/2015,0.12,4.51,1.0846,-1.287
3/10/2015,0.12,4.66,1.0707,-1.287
3/11/2015,0.11,4.61,1.0576,-1.287
3/12/2015,0.11,4.62,1.0615,-1.287
3/13/2015,0.11,4.68,1.0524,-1.245
3/16/2015,0.12,4.72,1.0575,-1.245
3/17/2015,0.12,4.79,1.0605,-1.245
3/18/2015,0.11,4.91,1.0643,-1.245
3/19/2015,0.12,4.79,1.0621,-1.245
3/20/2015,0.12,4.81,1.0792,-1.271
3/23/2015,0.12,4.82,1.0928,-1.271
3/24/2015,0.11,4.81,1.0908,-1.271
3/25/2015,0.12,4.76,1.0986,-1.271
3/26/2015,0.11,4.74,1.0919,-1.271
3/27/2015,0.12,4.76,1.0891,-1.299
3/30/2015,0.12,4.73,1.0818,-1.299
3/31/2015,0.06,4.82,1.0741,-1.299
4/1/2015,0.12,4.86,1.0768,-1.299
4/2/2015,0.12,4.82,1.0874,-1.299
4/3/2015,0.12,,1.099,-1.304
4/6/2015,0.13,4.8,1.1008,-1.304
4/7/2015,0.12,4.72,1.085,-1.304
4/8/2015,0.12,4.67,1.0818,-1.304
4/9/2015,0.12,4.62,1.0671,-1.304
4/10/2015,0.12,4.6,1.0598,-1.371
4/13/2015,0.13,4.6,1.0582,-1.371
4/14/2015,0.13,4.62,1.0672,-1.371
4/15/2015,0.13,4.58,1.0596,-1.371
4/16/2015,0.13,4.61,1.0742,-1.371
4/17/2015,0.13,4.66,1.078,-1.411
4/20/2015,0.13,4.6,1.0763,-1.411
4/21/2015,0.13,4.57,1.0758,-1.411
4/22/2015,0.13,4.53,1.0729,-1.411
4/23/2015,0.13,4.55,1.0803,-1.411
4/24/2015,0.13,4.56,1.0876,-1.431
4/27/2015,0.13,4.55,1.0892,-1.431
4/28/2015,0.13,4.52,1.0979,-1.431
4/29/2015,0.13,4.53,1.1174,-1.431
4/30/2015,0.08,4.59,1.1162,-1.431
5/1/2015,0.13,4.53,1.1194,-1.395
5/4/2015,0.13,4.51,1.1145,-1.395
5/5/2015,0.13,4.48,1.1174,-1.395
5/6/2015,0.13,4.5,1.1345,-1.395
5/7/2015,0.13,4.55,1.1283,-1.395
5/8/2015,0.13,4.53,1.1241,-1.28
5/11/2015,0.13,4.45,1.1142,-1.28
5/12/2015,0.13,4.56,1.124,-1.28
5/13/2015,0.13,4.51,1.1372,-1.28
5/14/2015,0.13,4.52,1.1368,-1.28
5/15/2015,0.13,4.55,1.1428,-1.273
5/18/2015,0.13,4.49,1.1354,-1.273
5/19/2015,0.12,4.46,1.1151,-1.273
5/20/2015,0.12,4.49,1.1079,-1.273
5/21/2015,0.12,4.51,1.1126,-1.273
5/22/2015,0.13,4.47,1.1033,-1.268
5/25/2015,.,4.51,.,-1.268
5/26/2015,0.12,4.48,1.0876,-1.268
5/27/2015,0.12,4.5,1.0888,-1.268
5/28/2015,0.12,4.52,1.0914,-1.268
5/29/2015,0.08,4.58,1.0994,-1.277
6/1/2015,0.12,4.52,1.0913,-1.277
6/2/2015,0.12,4.49,1.113,-1.277
6/3/2015,0.13,4.46,1.1285,-1.277
6/4/2015,0.13,4.56,1.1271,-1.277
6/5/2015,0.13,4.56,1.1108,-1.205
6/8/2015,0.13,4.61,1.1232,-1.205
6/9/2015,0.13,4.66,1.1284,-1.205
6/10/2015,0.13,4.6,1.1307,-1.205
6/11/2015,0.13,4.62,1.1236,-1.205
6/12/2015,0.13,4.63,1.1278,-1.171
6/15/2015,0.13,4.71,1.1266,-1.171
6/16/2015,0.14,4.77,1.1238,-1.171
6/17/2015,0.14,4.76,1.1244,-1.171
6/18/2015,0.14,4.71,1.1404,-1.171
6/19/2015,0.13,4.73,1.1335,-1.182
6/22/2015,0.13,4.62,1.1378,-1.182
6/23/2015,0.13,4.62,1.119,-1.182
6/24/2015,0.13,4.66,1.1178,-1.182
6/25/2015,0.13,4.67,1.1196,-1.182
6/26/2015,0.13,4.65,1.1156,-1.203
6/29/2015,0.14,4.91,1.118,-1.203
6/30/2015,0.08,5,1.1154,-1.203
7/1/2015,0.13,4.88,1.1084,-1.203
7/2/2015,0.13,4.91,1.109,-1.203
7/3/2015,0.13,4.91,.,-1.079
7/6/2015,0.13,5.07,1.1076,-1.079
7/7/2015,0.13,5.13,1.0952,-1.079
7/8/2015,0.13,5.21,1.1072,-1.079
7/9/2015,0.13,5.11,1.1025,-1.079
7/10/2015,0.13,4.97,1.115,-1.082
7/13/2015,0.13,4.93,1.102,-1.082
7/14/2015,0.13,4.94,1.1015,-1.082
7/15/2015,0.13,4.93,1.0965,-1.082
7/16/2015,0.14,4.91,1.0898,-1.082
7/17/2015,0.13,4.95,1.0848,-1.182
7/20/2015,0.14,4.96,1.085,-1.182
7/21/2015,0.13,5.06,1.0927,-1.182
7/22/2015,0.13,5.16,1.0884,-1.182
7/23/2015,0.13,5.21,1.0976,-1.182
7/24/2015,0.13,5.32,1.0976,-1.205
7/27/2015,0.14,5.49,1.1112,-1.205
7/28/2015,0.14,5.44,1.1055,-1.205
7/29/2015,0.14,5.33,1.1026,-1.205
7/30/2015,0.14,5.26,1.0914,-1.205
7/31/2015,0.08,5.36,1.1028,-1.191
8/3/2015,0.14,5.45,1.0962,-1.191
8/4/2015,0.14,5.41,1.0953,-1.191
8/5/2015,0.14,5.29,1.0868,-1.191
8/6/2015,0.14,5.4,1.0922,-1.191
8/7/2015,0.14,5.52,1.0958,-1.154
8/10/2015,0.14,5.51,1.0994,-1.154
8/11/2015,0.15,5.67,1.1042,-1.154
8/12/2015,0.15,5.79,1.1198,-1.154
8/13/2015,0.15,5.66,1.1144,-1.154
8/14/2015,0.14,5.52,1.111,-1.136
8/17/2015,0.15,5.58,1.1078,-1.136
8/18/2015,0.15,5.56,1.1028,-1.136
8/19/2015,0.15,5.68,1.1061,-1.136
8/20/2015,0.15,5.75,1.12,-1.136
8/21/2015,0.15,5.86,1.1356,-0.991
8/24/2015,0.15,6.14,1.158,-0.991
8/25/2015,0.15,5.9,1.141,-0.991
8/26/2015,0.14,5.91,1.139,-0.991
8/27/2015,0.14,5.8,1.1239,-0.991
8/28/2015,0.14,5.72,1.1172,-0.712
8/31/2015,0.08,5.7,1.1194,-0.712
9/1/2015,0.14,5.78,1.1263,-0.712
9/2/2015,0.14,5.73,1.1242,-0.712
9/3/2015,0.14,5.7,1.1104,-0.712
9/4/2015,0.14,5.74,1.1117,-0.78
9/7/2015,.,5.74,.,-0.78
9/8/2015,0.14,5.64,1.1182,-0.78
9/9/2015,0.14,5.59,1.1165,-0.78
9/10/2015,0.14,5.58,1.1262,-0.78
9/11/2015,0.14,5.62,1.1338,-0.858
9/14/2015,0.14,5.62,1.1307,-0.858
9/15/2015,0.14,5.54,1.126,-0.858
9/16/2015,0.14,5.59,1.1304,-0.858
9/17/2015,0.14,5.71,1.1312,-0.858
9/18/2015,0.14,5.8,1.1358,-0.888
9/21/2015,0.14,5.77,1.1204,-0.888
9/22/2015,0.14,5.98,1.1133,-0.888
9/23/2015,0.14,5.98,1.116,-0.888
9/24/2015,0.14,6.14,1.1252,-0.888
9/25/2015,0.13,6.15,1.1192,-0.863
9/28/2015,0.13,6.48,1.1236,-0.863
9/29/2015,0.13,6.6,1.1246,-0.863
9/30/2015,0.07,6.62,1.1162,-0.863
10/1/2015,0.13,6.67,1.12,-0.863
10/2/2015,0.13,6.83,1.1276,-0.743
10/5/2015,0.13,6.62,1.12,-0.743
10/6/2015,0.13,6.52,1.1266,-0.743
10/7/2015,0.13,6.32,1.1249,-0.743
10/8/2015,0.13,6.26,1.1282,-0.743
10/9/2015,0.13,6.13,1.1363,-0.875
10/12/2015,.,6.13,.,-0.875
10/13/2015,0.13,6.24,1.1382,-0.875
10/14/2015,0.13,6.31,1.1437,-0.875
10/15/2015,0.13,6.26,1.1418,-0.875
10/16/2015,0.13,6.18,1.136,-0.949
10/19/2015,0.13,6.16,1.132,-0.949
10/20/2015,0.13,6.06,1.1359,-0.949
10/21/2015,0.13,6.07,1.1345,-0.949
10/22/2015,0.12,6.1,1.114,-0.949
10/23/2015,0.12,5.97,1.1016,-1.002
10/26/2015,0.12,6,1.1051,-1.002
10/27/2015,0.12,6.07,1.1052,-1.002
10/28/2015,0.12,5.97,1.1066,-1.002
10/29/2015,0.12,5.89,1.0963,-1.002
10/30/2015,0.07,5.88,1.1042,-1.029
10/31/2015,,5.9,,-1.029
11/2/2015,0.12,5.84,1.1026,-1.029
11/3/2015,0.12,5.77,1.0946,-1.029
11/4/2015,0.12,5.73,1.0861,-1.029
11/5/2015,0.12,5.8,1.0869,-1.029
11/6/2015,0.12,5.82,1.0746,-1.013
11/9/2015,0.12,5.94,1.0767,-1.013
11/10/2015,0.12,6.02,1.0686,-1.013
11/11/2015,.,6.02,.,-1.013
11/12/2015,0.12,6.13,1.0768,-1.013
11/13/2015,0.12,6.24,1.0722,-0.976
11/16/2015,0.13,6.28,1.0708,-0.976
11/17/2015,0.13,6.19,1.0634,-0.976
11/18/2015,0.12,6.2,1.0638,-0.976
11/19/2015,0.12,6.28,1.0746,-0.976
11/20/2015,0.12,6.32,1.066,-0.95
11/23/2015,0.12,6.35,1.0602,-0.95
11/24/2015,0.12,6.41,1.0652,-0.95
11/25/2015,0.12,6.37,1.0616,-0.95
11/26/2015,.,6.37,.,-0.95
11/27/2015,0.12,6.38,1.0596,-0.979
11/30/2015,0.08,6.4,1.0562,-0.979
12/1/2015,0.13,6.4,1.062,-0.979
12/2/2015,0.13,6.34,1.0573,-0.979
12/3/2015,0.13,6.32,1.0902,-0.979
12/4/2015,0.13,6.37,1.0884,-0.949
12/7/2015,0.13,6.51,1.084,-0.949
12/8/2015,0.13,6.65,1.0876,-0.949
12/9/2015,0.14,6.72,1.0984,-0.949
12/10/2015,0.14,6.71,1.0948,-0.949
12/11/2015,0.14,7.1,1.1002,-0.814
12/14/2015,0.15,7.33,1.1025,-0.814
12/15/2015,0.15,7.09,1.0911,-0.814
12/16/2015,0.15,6.98,1.0937,-0.814
12/17/2015,0.37,7.01,1.0804,-0.814
12/18/2015,0.37,7.2,1.0847,-0.683
12/21/2015,0.36,7.25,1.092,-0.683
12/22/2015,0.36,7.15,1.0978,-0.683
12/23/2015,0.36,7.05,1.0875,-0.683
12/24/2015,0.36,7.05,1.0955,-0.683
12/25/2015,.,,.,-0.715
12/28/2015,0.36,7.07,1.0983,-0.715
12/29/2015,0.36,6.96,1.0916,-0.715
12/30/2015,0.35,6.95,1.0912,-0.715
12/31/2015,0.2,6.95,1.0859,-0.715
1/1/2016,.,,.,-0.719
1/4/2016,0.36,7.1,1.0803,-0.719
1/5/2016,0.36,7.03,1.0743,-0.719
1/6/2016,0.36,7.11,1.0762,-0.719
1/7/2016,0.36,7.24,1.086,-0.719
1/8/2016,0.36,7.23,1.0885,-0.61
1/11/2016,0.36,7.31,1.0878,-0.61
1/12/2016,0.36,7.38,1.0837,-0.61
1/13/2016,0.36,7.5,1.0862,-0.61
1/14/2016,0.36,7.57,1.0862,-0.61
1/15/2016,0.36,7.89,1.0964,-0.543
1/18/2016,.,7.9,.,-0.543
1/19/2016,0.36,7.88,1.0906,-0.543
1/20/2016,0.37,8.27,1.0908,-0.543
1/21/2016,0.37,8.13,1.0833,-0.543
1/22/2016,0.38,7.87,1.0814,-0.474
1/25/2016,0.38,7.85,1.0832,-0.474
1/26/2016,0.38,7.83,1.0846,-0.474
1/27/2016,0.38,7.78,1.0867,-0.474
1/28/2016,0.38,7.75,1.0952,-0.474
1/29/2016,0.29,7.74,1.0832,-0.609
1/31/2016,,7.77,,-0.609
2/1/2016,0.38,7.79,1.0888,-0.609
2/2/2016,0.38,7.98,1.0908,-0.609
2/3/2016,0.38,8.03,1.1051,-0.609
2/4/2016,0.38,8.03,1.1199,-0.609
2/5/2016,0.38,8.1,1.1131,-0.598
2/8/2016,0.38,8.51,1.117,-0.598
2/9/2016,0.38,8.62,1.13,-0.598
2/10/2016,0.38,8.53,1.1222,-0.598
2/11/2016,0.38,8.87,1.1362,-0.598
2/12/2016,0.38,8.64,1.1235,-0.388
2/15/2016,.,8.59,.,-0.388
2/16/2016,0.38,8.45,1.114,-0.388
2/17/2016,0.37,8.21,1.114,-0.388
2/18/2016,0.38,8.17,1.1092,-0.388
2/19/2016,0.38,8.23,1.1127,-0.501
2/22/2016,0.38,8.09,1.1018,-0.501
2/23/2016,0.38,8.1,1.1016,-0.501
2/24/2016,0.38,8.17,1.1021,-0.501
2/25/2016,0.37,8.08,1.1026,-0.501
2/26/2016,0.37,7.8,1.0932,-0.602
2/29/2016,0.29,7.75,1.0868,-0.602
3/1/2016,0.36,7.46,1.0847,-0.602
3/2/2016,0.37,7.31,1.0845,-0.602
3/3/2016,0.37,7.28,1.0948,-0.602
3/4/2016,0.36,7.08,1.101,-0.713
3/7/2016,0.36,7.03,1.1004,-0.713
3/8/2016,0.36,7.14,1.1028,-0.713
3/9/2016,0.36,7.15,1.1022,-0.713
3/10/2016,0.36,7.04,1.1162,-0.713
3/11/2016,0.36,6.82,1.118,-0.748
3/14/2016,0.36,6.74,1.1107,-0.748
3/15/2016,0.37,6.84,1.1112,-0.748
3/16/2016,0.37,6.94,1.1075,-0.748
3/17/2016,0.37,6.82,1.1316,-0.748
3/18/2016,0.37,6.71,1.1292,-0.856
3/21/2016,0.37,6.65,1.126,-0.856
3/22/2016,0.37,6.69,1.1228,-0.856
3/23/2016,0.37,6.79,1.1174,-0.856
3/24/2016,0.37,6.93,1.1163,-0.856
3/25/2016,0.37,,1.1164,-0.921
3/28/2016,0.37,6.99,1.121,-0.921
3/29/2016,0.37,7.14,1.1204,-0.921
3/30/2016,0.37,7.03,1.133,-0.921
3/31/2016,0.25,7.05,1.139,-0.921
4/1/2016,0.37,7.05,1.1385,-0.888
4/4/2016,0.37,7.03,1.1386,-0.888
4/5/2016,0.37,7.13,1.1374,-0.888
4/6/2016,0.37,7.04,1.143,-0.888
4/7/2016,0.37,7.11,1.1386,-0.888
4/8/2016,0.37,7.03,1.1406,-0.893
4/11/2016,0.37,7,1.1412,-0.893
4/12/2016,0.37,6.87,1.1395,-0.893
4/13/2016,0.37,6.71,1.1281,-0.893
4/14/2016,0.37,6.6,1.1262,-0.893
4/15/2016,0.37,6.62,1.1295,-0.939
4/18/2016,0.37,6.62,1.1322,-0.939
4/19/2016,0.37,6.46,1.1375,-0.939
4/20/2016,0.37,6.31,1.133,-0.939
4/21/2016,0.37,6.29,1.1301,-0.939
4/22/2016,0.37,6.29,1.1239,-0.992
4/25/2016,0.37,6.32,1.1274,-0.992
4/26/2016,0.37,6.26,1.1318,-0.992
4/27/2016,0.37,6.25,1.1322,-0.992
4/28/2016,0.37,6.19,1.1325,-0.992
4/29/2016,0.3,6.24,1.1441,-1.013
4/30/2016,,6.21,,-1.013
5/2/2016,0.37,6.16,1.1516,-1.013
5/3/2016,0.37,6.31,1.1508,-1.013
5/4/2016,0.37,6.39,1.1486,-1.013
5/5/2016,0.37,6.42,1.1404,-1.013
5/6/2016,0.37,6.48,1.1421,-0.982
5/9/2016,0.37,6.53,1.1402,-0.982
5/10/2016,0.37,6.46,1.1386,-0.982
5/11/2016,0.37,6.4,1.1444,-0.982
5/12/2016,0.37,6.36,1.138,-0.982
5/13/2016,0.37,6.41,1.1294,-1.047
5/16/2016,0.37,6.3,1.1328,-1.047
5/17/2016,0.37,6.26,1.1337,-1.047
5/18/2016,0.37,6.16,1.1276,-1.047
5/19/2016,0.37,6.29,1.1214,-1.047
5/20/2016,0.37,6.22,1.1207,-1.033
5/23/2016,0.37,6.21,1.1192,-1.033
5/24/2016,0.37,6.13,1.1145,-1.033
5/25/2016,0.37,6.04,1.1154,-1.033
5/26/2016,0.37,6.08,1.1184,-1.033
5/27/2016,0.37,6.08,1.114,-1.06
5/30/2016,.,6.08,.,-1.06
5/31/2016,0.29,5.97,1.1135,-1.06
6/1/2016,0.37,6.01,1.1165,-1.06
6/2/2016,0.37,6,1.1157,-1.06
6/3/2016,0.37,6.09,1.133,-1.061
6/6/2016,0.37,6,1.1354,-1.061
6/7/2016,0.37,5.92,1.135,-1.061
6/8/2016,0.37,5.82,1.14,-1.061
6/9/2016,0.37,5.86,1.1329,-1.061
6/10/2016,0.37,5.98,1.1281,-1.081
6/13/2016,0.37,6.07,1.1282,-1.081
6/14/2016,0.37,6.19,1.1206,-1.081
6/15/2016,0.37,6.18,1.1239,-1.081
6/16/2016,0.38,6.32,1.1158,-1.081
6/17/2016,0.38,6.21,1.1256,-0.927
6/20/2016,0.38,6,1.1318,-0.927
6/21/2016,0.38,6,1.1262,-0.927
6/22/2016,0.38,5.96,1.1286,-0.927
6/23/2016,0.39,5.83,1.1373,-0.927
6/24/2016,0.4,6.33,1.1126,-0.965
6/27/2016,0.41,6.57,1.1024,-0.965
6/28/2016,0.41,6.48,1.1054,-0.965
6/29/2016,0.41,6.26,1.1117,-0.965
6/30/2016,0.3,6.21,1.1032,-0.965
7/1/2016,0.41,6.12,1.1145,-0.985
7/4/2016,.,6.12,.,-0.985
7/5/2016,0.4,6.16,1.108,-0.985
7/6/2016,0.4,6.14,1.1077,-0.985
7/7/2016,0.4,6.02,1.1065,-0.985
7/8/2016,0.4,5.88,1.1038,-1.091
7/11/2016,0.4,5.66,1.1045,-1.091
7/12/2016,0.4,5.46,1.1074,-1.091
7/13/2016,0.4,5.58,1.1112,-1.091
7/14/2016,0.4,5.44,1.1109,-1.091
7/15/2016,0.4,5.42,1.1059,-1.184
7/18/2016,0.4,5.44,1.1076,-1.184
7/19/2016,0.4,5.45,1.1014,-1.184
7/20/2016,0.4,5.4,1.1007,-1.184
7/21/2016,0.4,5.41,1.1016,-1.184
7/22/2016,0.4,5.39,1.0968,-1.193
7/25/2016,0.4,5.39,1.098,-1.193
7/26/2016,0.4,5.45,1.0984,-1.193
7/27/2016,0.4,5.51,1.0988,-1.193
7/28/2016,0.4,5.54,1.1094,-1.193
7/29/2016,0.3,5.61,1.1168,-1.166
7/31/2016,,5.69,,-1.166
8/1/2016,0.4,5.69,1.1176,-1.166
8/2/2016,0.4,5.73,1.1225,-1.166
8/3/2016,0.4,5.72,1.117,-1.166
8/4/2016,0.4,5.65,1.1134,-1.166
8/5/2016,0.4,5.46,1.108,-1.103
8/8/2016,0.4,5.42,1.1078,-1.103
8/9/2016,0.4,5.36,1.111,-1.103
8/10/2016,0.4,5.38,1.1171,-1.103
8/11/2016,0.4,5.31,1.1168,-1.103
8/12/2016,0.4,5.34,1.1172,-1.125
8/15/2016,0.4,5.23,1.1199,-1.125
8/16/2016,0.4,5.17,1.1277,-1.125
8/17/2016,0.4,5.19,1.1263,-1.125
8/18/2016,0.4,5.2,1.1334,-1.125
8/19/2016,0.4,5.15,1.1326,-1.172
8/22/2016,0.4,5.18,1.1314,-1.172
8/23/2016,0.4,5.14,1.1308,-1.172
8/24/2016,0.4,5.13,1.1256,-1.172
8/25/2016,0.4,5.14,1.1274,-1.172
8/26/2016,0.4,5.04,1.1237,-1.142
8/29/2016,0.4,5.1,1.1182,-1.142
8/30/2016,0.4,5.07,1.115,-1.142
8/31/2016,0.3,5.1,1.1146,-1.142
9/1/2016,0.4,5.12,1.1194,-1.142
9/2/2016,0.4,5.09,1.1158,-1.144
9/5/2016,.,5.09,.,-1.144
9/6/2016,0.4,5.09,1.1237,-1.144
9/7/2016,0.4,5.07,1.1238,-1.144
9/8/2016,0.4,4.99,1.1256,-1.144
9/9/2016,0.4,5.1,1.1214,-1.152
9/12/2016,0.4,5.18,1.123,-1.152
9/13/2016,0.4,5.24,1.1242,-1.152
9/14/2016,0.4,5.26,1.1271,-1.152
9/15/2016,0.4,5.26,1.1246,-1.152
9/16/2016,0.4,5.27,1.116,-1.023
9/19/2016,0.4,5.25,1.1179,-1.023
9/20/2016,0.4,5.24,1.1172,-1.023
9/21/2016,0.4,5.22,1.1165,-1.023
9/22/2016,0.4,5.09,1.1229,-1.023
9/23/2016,0.4,5.1,1.1223,-1.058
9/26/2016,0.4,5.16,1.127,-1.058
9/27/2016,0.4,5.18,1.1208,-1.058
9/28/2016,0.4,5.14,1.12,-1.058
9/29/2016,0.4,5.09,1.1244,-1.058
9/30/2016,0.29,4.97,1.1238,-1.165
10/3/2016,0.4,4.93,1.121,-1.165
10/4/2016,0.4,4.85,1.1212,-1.165
10/5/2016,0.4,4.78,1.1196,-1.165
10/6/2016,0.4,4.75,1.1158,-1.165
10/7/2016,0.4,4.76,1.1156,-1.184
10/10/2016,.,4.76,.,-1.184
10/11/2016,0.41,4.75,1.1062,-1.184
10/12/2016,0.41,4.75,1.1014,-1.184
10/13/2016,0.41,4.82,1.1038,-1.184
10/14/2016,0.41,4.72,1.0985,-1.14
10/17/2016,0.41,4.76,1.1,-1.14
10/18/2016,0.41,4.72,1.0997,-1.14
10/19/2016,0.41,4.66,1.0966,-1.14
10/20/2016,0.41,4.62,1.0934,-1.14
10/21/2016,0.41,4.62,1.0866,-1.191
10/24/2016,0.41,4.6,1.0888,-1.191
10/25/2016,0.41,4.6,1.089,-1.191
10/26/2016,0.41,4.66,1.0916,-1.191
10/27/2016,0.41,4.69,1.0904,-1.191
10/28/2016,0.41,4.76,1.0934,-1.194
10/31/2016,0.31,4.91,1.0962,-1.194
11/1/2016,0.41,5.05,1.1042,-1.194
11/2/2016,0.41,5.15,1.1119,-1.194
11/3/2016,0.41,5.15,1.1094,-1.194
11/4/2016,0.41,5.2,1.1121,-1.042
