DATE,EFFR
2005-11-07,3.99
2005-11-08,3.95
2005-11-09,4.02
2005-11-10,3.98
2005-11-11,.
2005-11-14,4.03
2005-11-15,3.97
2005-11-16,3.96
2005-11-17,3.98
2005-11-18,4.00
2005-11-21,4.03
2005-11-22,3.99
2005-11-23,4.01
2005-11-24,.
2005-11-25,4.03
2005-11-28,4.01
2005-11-29,3.99
2005-11-30,4.03
2005-12-01,4.03
2005-12-02,4.00
2005-12-05,4.02
2005-12-06,3.97
2005-12-07,3.98
2005-12-08,4.09
2005-12-09,4.16
2005-12-12,4.24
2005-12-13,4.23
2005-12-14,4.26
2005-12-15,4.29
2005-12-16,4.25
2005-12-19,4.25
2005-12-20,4.30
2005-12-21,4.08
2005-12-22,4.25
2005-12-23,4.21
2005-12-26,.
2005-12-27,4.26
2005-12-28,4.19
2005-12-29,4.18
2005-12-30,4.09
2006-01-02,.
2006-01-03,4.34
2006-01-04,4.22
2006-01-05,4.24
2006-01-06,4.22
2006-01-09,4.25
2006-01-10,4.24
2006-01-11,4.24
2006-01-12,4.28
2006-01-13,4.30
2006-01-16,.
2006-01-17,4.32
2006-01-18,4.24
2006-01-19,4.23
2006-01-20,4.24
2006-01-23,4.26
2006-01-24,4.28
2006-01-25,4.36
2006-01-26,4.37
2006-01-27,4.42
2006-01-30,4.48
2006-01-31,4.47
2006-02-01,4.47
2006-02-02,4.48
2006-02-03,4.51
2006-02-06,4.51
2006-02-07,4.47
2006-02-08,4.48
2006-02-09,4.52
2006-02-10,4.51
2006-02-13,4.44
2006-02-14,4.45
2006-02-15,4.50
2006-02-16,4.48
2006-02-17,4.48
2006-02-20,.
2006-02-21,4.54
2006-02-22,4.49
2006-02-23,4.47
2006-02-24,4.48
2006-02-27,4.52
2006-02-28,4.52
2006-03-01,4.52
2006-03-02,4.50
2006-03-03,4.51
2006-03-06,4.51
2006-03-07,4.51
2006-03-08,4.51
2006-03-09,4.51
2006-03-10,4.51
2006-03-13,4.52
2006-03-14,4.51
2006-03-15,4.47
2006-03-16,4.55
2006-03-17,4.60
2006-03-20,4.55
2006-03-21,4.54
2006-03-22,4.58
2006-03-23,4.64
2006-03-24,4.69
2006-03-27,4.77
2006-03-28,4.70
2006-03-29,4.69
2006-03-30,4.76
2006-03-31,5.00
2006-04-03,4.87
2006-04-04,4.76
2006-04-05,4.76
2006-04-06,4.76
2006-04-07,4.76
2006-04-10,4.78
2006-04-11,4.74
2006-04-12,4.78
2006-04-13,4.82
2006-04-14,4.80
2006-04-17,4.78
2006-04-18,4.72
2006-04-19,4.70
2006-04-20,4.73
2006-04-21,4.74
2006-04-24,4.77
2006-04-25,4.74
2006-04-26,4.73
2006-04-27,4.79
2006-04-28,4.86
2006-05-01,4.84
2006-05-02,4.79
2006-05-03,4.81
2006-05-04,4.83
2006-05-05,4.83
2006-05-08,4.88
2006-05-09,4.78
2006-05-10,4.88
2006-05-11,4.99
2006-05-12,5.01
2006-05-15,5.01
2006-05-16,4.98
2006-05-17,4.96
2006-05-18,5.00
2006-05-19,5.00
2006-05-22,5.00
2006-05-23,4.94
2006-05-24,4.90
2006-05-25,5.01
2006-05-26,4.99
2006-05-29,.
2006-05-30,5.02
2006-05-31,5.05
2006-06-01,5.02
2006-06-02,4.97
2006-06-05,5.01
2006-06-06,4.99
2006-06-07,4.99
2006-06-08,5.02
2006-06-09,5.00
2006-06-12,5.01
2006-06-13,5.00
2006-06-14,5.00
2006-06-15,5.02
2006-06-16,4.94
2006-06-19,4.95
2006-06-20,4.92
2006-06-21,4.91
2006-06-22,4.98
2006-06-23,4.98
2006-06-26,5.03
2006-06-27,5.02
2006-06-28,5.06
2006-06-29,5.08
2006-06-30,5.05
2006-07-03,5.25
2006-07-04,.
2006-07-05,5.25
2006-07-06,5.24
2006-07-07,5.22
2006-07-10,5.24
2006-07-11,5.25
2006-07-12,5.27
2006-07-13,5.26
2006-07-14,5.26
2006-07-17,5.28
2006-07-18,5.22
2006-07-19,5.23
2006-07-20,5.24
2006-07-21,5.23
2006-07-24,5.24
2006-07-25,5.24
2006-07-26,5.24
2006-07-27,5.27
2006-07-28,5.26
2006-07-31,5.31
2006-08-01,5.27
2006-08-02,5.25
2006-08-03,5.27
2006-08-04,5.25
2006-08-07,5.24
2006-08-08,5.26
2006-08-09,5.25
2006-08-10,5.24
2006-08-11,5.24
2006-08-14,5.26
2006-08-15,5.24
2006-08-16,5.17
2006-08-17,5.20
2006-08-18,5.25
2006-08-21,5.24
2006-08-22,5.24
2006-08-23,5.25
2006-08-24,5.25
2006-08-25,5.25
2006-08-28,5.25
2006-08-29,5.23
2006-08-30,5.25
2006-08-31,5.31
2006-09-01,5.25
2006-09-04,.
2006-09-05,5.26
2006-09-06,5.21
2006-09-07,5.23
2006-09-08,5.23
2006-09-11,5.24
2006-09-12,5.21
2006-09-13,5.26
2006-09-14,5.26
2006-09-15,5.25
2006-09-18,5.23
2006-09-19,5.21
2006-09-20,5.23
2006-09-21,5.24
2006-09-22,5.27
2006-09-25,5.30
2006-09-26,5.25
2006-09-27,5.30
2006-09-28,5.28
2006-09-29,5.34
2006-10-02,5.33
2006-10-03,5.25
2006-10-04,5.23
2006-10-05,5.23
2006-10-06,5.22
2006-10-09,.
2006-10-10,5.28
2006-10-11,5.25
2006-10-12,5.25
2006-10-13,5.21
2006-10-16,5.28
2006-10-17,5.21
2006-10-18,5.23
2006-10-19,5.22
2006-10-20,5.25
2006-10-23,5.24
2006-10-24,5.24
2006-10-25,5.26
2006-10-26,5.23
2006-10-27,5.23
2006-10-30,5.27
2006-10-31,5.31
2006-11-01,5.23
2006-11-02,5.22
2006-11-03,5.25
2006-11-06,.
2006-11-07,5.22
2006-11-08,5.22
2006-11-09,5.23
2006-11-10,5.23
2006-11-13,5.27
2006-11-14,.
2006-11-15,5.29
2006-11-16,5.25
2006-11-17,5.20
2006-11-20,5.25
2006-11-21,5.29
2006-11-22,5.26
2006-11-23,.
2006-11-24,5.24
2006-11-27,5.32
2006-11-28,5.24
2006-11-29,5.26
2006-11-30,5.31
2006-12-01,5.27
2006-12-04,5.22
2006-12-05,5.21
2006-12-06,5.22
2006-12-07,5.25
2006-12-08,5.25
2006-12-11,5.25
2006-12-12,5.23
2006-12-13,5.23
2006-12-14,5.29
2006-12-15,5.27
2006-12-18,5.21
2006-12-19,5.21
2006-12-20,5.26
2006-12-21,5.25
2006-12-22,5.24
2006-12-25,.
2006-12-26,5.29
2006-12-27,5.17
2006-12-28,5.25
2006-12-29,5.17
2007-01-01,.
2007-01-02,5.30
2007-01-03,5.28
2007-01-04,5.24
2007-01-05,5.21
2007-01-08,5.23
2007-01-09,5.25
2007-01-10,5.26
2007-01-11,5.27
2007-01-12,5.22
2007-01-15,.
2007-01-16,5.28
2007-01-17,5.25
2007-01-18,5.23
2007-01-19,5.25
2007-01-22,5.24
2007-01-23,5.26
2007-01-24,5.27
2007-01-25,5.31
2007-01-26,5.26
2007-01-29,5.26
2007-01-30,5.23
2007-01-31,5.33
2007-02-01,5.29
2007-02-02,5.24
2007-02-05,5.25
2007-02-06,5.24
2007-02-07,5.23
2007-02-08,5.25
2007-02-09,5.25
2007-02-12,5.28
2007-02-13,5.26
2007-02-14,5.27
2007-02-15,5.29
2007-02-16,5.24
2007-02-19,.
2007-02-20,5.27
2007-02-21,5.23
2007-02-22,5.26
2007-02-23,5.24
2007-02-26,5.30
2007-02-27,5.27
2007-02-28,5.41
2007-03-01,5.31
2007-03-02,5.23
2007-03-05,5.27
2007-03-06,5.22
2007-03-07,5.24
2007-03-08,5.24
2007-03-09,5.24
2007-03-12,5.25
2007-03-13,5.25
2007-03-14,5.27
2007-03-15,5.29
2007-03-16,5.25
2007-03-19,5.26
2007-03-20,5.26
2007-03-21,5.26
2007-03-22,5.27
2007-03-23,5.24
2007-03-26,5.28
2007-03-27,5.25
2007-03-28,5.27
2007-03-29,5.29
2007-03-30,5.30
2007-04-02,5.25
2007-04-03,5.20
2007-04-04,5.21
2007-04-05,5.30
2007-04-06,5.30
2007-04-09,5.28
2007-04-10,5.26
2007-04-11,5.24
2007-04-12,5.27
2007-04-13,5.25
2007-04-16,5.29
2007-04-17,5.20
2007-04-18,5.19
2007-04-19,5.23
2007-04-20,5.25
2007-04-23,5.23
2007-04-24,5.20
2007-04-25,5.19
2007-04-26,5.24
2007-04-27,5.24
2007-04-30,5.29
2007-05-01,5.26
2007-05-02,5.21
2007-05-03,5.24
2007-05-04,5.24
2007-05-07,5.24
2007-05-08,5.21
2007-05-09,5.21
2007-05-10,5.25
2007-05-11,5.27
2007-05-14,5.26
2007-05-15,5.29
2007-05-16,5.25
2007-05-17,5.25
2007-05-18,5.24
2007-05-21,5.24
2007-05-22,5.23
2007-05-23,5.25
2007-05-24,5.24
2007-05-25,5.29
2007-05-28,.
2007-05-29,5.29
2007-05-30,5.25
2007-05-31,5.28
2007-06-01,5.23
2007-06-04,5.24
2007-06-05,5.19
2007-06-06,5.25
2007-06-07,5.25
2007-06-08,5.26
2007-06-11,5.27
2007-06-12,5.26
2007-06-13,5.26
2007-06-14,5.28
2007-06-15,5.26
2007-06-18,5.23
2007-06-19,5.21
2007-06-20,5.27
2007-06-21,5.26
2007-06-22,5.24
2007-06-25,5.29
2007-06-26,5.25
2007-06-27,5.26
2007-06-28,5.26
2007-06-29,5.31
2007-07-02,5.31
2007-07-03,5.24
2007-07-04,.
2007-07-05,5.25
2007-07-06,5.22
2007-07-09,5.22
2007-07-10,5.24
2007-07-11,5.24
2007-07-12,5.26
2007-07-13,5.25
2007-07-16,5.32
2007-07-17,5.28
2007-07-18,5.26
2007-07-19,5.25
2007-07-20,5.25
2007-07-23,5.26
2007-07-24,5.25
2007-07-25,5.32
2007-07-26,5.28
2007-07-27,5.25
2007-07-30,5.29
2007-07-31,5.28
2007-08-01,5.30
2007-08-02,5.24
2007-08-03,5.24
2007-08-06,5.26
2007-08-07,5.26
2007-08-08,5.27
2007-08-09,5.41
2007-08-10,4.68
2007-08-13,4.81
2007-08-14,4.54
2007-08-15,4.71
2007-08-16,4.97
2007-08-17,4.91
2007-08-20,5.03
2007-08-21,4.89
2007-08-22,4.77
2007-08-23,4.88
2007-08-24,5.11
2007-08-27,5.27
2007-08-28,5.30
2007-08-29,5.00
2007-08-30,5.00
2007-08-31,4.96
2007-09-03,.
2007-09-04,5.22
2007-09-05,5.18
2007-09-06,4.98
2007-09-07,4.86
2007-09-10,5.07
2007-09-11,5.06
2007-09-12,5.18
2007-09-13,5.09
2007-09-14,5.25
2007-09-17,5.33
2007-09-18,4.92
2007-09-19,4.74
2007-09-20,4.77
2007-09-21,4.76
2007-09-24,4.74
2007-09-25,4.82
2007-09-26,4.88
2007-09-27,4.93
2007-09-28,4.58
2007-10-01,4.92
2007-10-02,4.78
2007-10-03,4.68
2007-10-04,4.74
2007-10-05,4.77
2007-10-08,.
2007-10-09,4.91
2007-10-10,4.52
2007-10-11,4.75
2007-10-12,4.75
2007-10-15,4.81
2007-10-16,4.68
2007-10-17,4.70
2007-10-18,4.69
2007-10-19,4.77
2007-10-22,4.71
2007-10-23,4.67
2007-10-24,4.74
2007-10-25,4.86
2007-10-26,4.80
2007-10-29,4.84
2007-10-30,4.78
2007-10-31,4.60
2007-11-01,4.59
2007-11-02,4.28
2007-11-05,4.29
2007-11-06,4.22
2007-11-07,4.39
2007-11-08,4.58
2007-11-09,4.49
2007-11-12,.
2007-11-13,4.61
2007-11-14,4.60
2007-11-15,4.54
2007-11-16,4.51
2007-11-19,4.51
2007-11-20,4.51
2007-11-21,4.50
2007-11-22,.
2007-11-23,4.56
2007-11-26,4.62
2007-11-27,4.39
2007-11-28,4.53
2007-11-29,4.55
2007-11-30,4.66
2007-12-03,4.52
2007-12-04,4.50
2007-12-05,4.31
2007-12-06,4.49
2007-12-07,4.41
2007-12-10,4.46
2007-12-11,4.29
2007-12-12,4.28
2007-12-13,4.30
2007-12-14,4.24
2007-12-17,4.31
2007-12-18,4.16
2007-12-19,3.98
2007-12-20,4.37
2007-12-21,4.28
2007-12-24,4.00
2007-12-25,.
2007-12-26,4.26
2007-12-27,4.15
2007-12-28,4.01
2007-12-31,3.06
2008-01-01,.
2008-01-02,4.11
2008-01-03,4.25
2008-01-04,4.18
2008-01-07,4.27
2008-01-08,4.27
2008-01-09,4.26
2008-01-10,4.26
2008-01-11,4.23
2008-01-14,4.24
2008-01-15,4.24
2008-01-16,4.22
2008-01-17,4.23
2008-01-18,4.17
2008-01-21,.
2008-01-22,3.68
2008-01-23,3.43
2008-01-24,3.47
2008-01-25,3.60
2008-01-28,3.50
2008-01-29,3.47
2008-01-30,3.26
2008-01-31,3.22
2008-02-01,3.12
2008-02-04,2.82
2008-02-05,2.71
2008-02-06,2.94
2008-02-07,3.03
2008-02-08,3.05
2008-02-11,2.88
2008-02-12,2.91
2008-02-13,3.02
2008-02-14,3.03
2008-02-15,2.97
2008-02-18,.
2008-02-19,2.94
2008-02-20,3.00
2008-02-21,3.01
2008-02-22,2.97
2008-02-25,3.00
2008-02-26,2.85
2008-02-27,2.93
2008-02-28,3.06
2008-02-29,3.01
2008-03-03,3.10
2008-03-04,2.90
2008-03-05,2.93
2008-03-06,2.99
2008-03-07,2.96
2008-03-10,2.99
2008-03-11,2.95
2008-03-12,2.97
2008-03-13,2.98
2008-03-14,2.99
2008-03-17,2.69
2008-03-18,2.16
2008-03-19,2.08
2008-03-20,2.22
2008-03-21,2.08
2008-03-24,2.08
2008-03-25,2.42
2008-03-26,2.30
2008-03-27,2.27
2008-03-28,2.09
2008-03-31,2.51
2008-04-01,2.38
2008-04-02,2.18
2008-04-03,2.19
2008-04-04,2.26
2008-04-07,2.24
2008-04-08,2.23
2008-04-09,2.20
2008-04-10,2.30
2008-04-11,2.37
2008-04-14,2.32
2008-04-15,2.32
2008-04-16,2.35
2008-04-17,2.37
2008-04-18,2.32
2008-04-21,2.28
2008-04-22,1.99
2008-04-23,2.18
2008-04-24,2.26
2008-04-25,2.28
2008-04-28,2.29
2008-04-29,2.21
2008-04-30,2.37
2008-05-01,2.16
2008-05-02,1.88
2008-05-05,1.85
2008-05-06,1.91
2008-05-07,2.01
2008-05-08,1.99
2008-05-09,1.97
2008-05-12,1.88
2008-05-13,1.93
2008-05-14,2.03
2008-05-15,2.03
2008-05-16,1.91
2008-05-19,1.95
2008-05-20,1.99
2008-05-21,2.03
2008-05-22,2.05
2008-05-23,1.99
2008-05-26,.
2008-05-27,2.23
2008-05-28,2.08
2008-05-29,2.01
2008-05-30,1.98
2008-06-02,2.06
2008-06-03,1.95
2008-06-04,1.98
2008-06-05,1.98
2008-06-06,2.01
2008-06-09,2.02
2008-06-10,1.96
2008-06-11,1.95
2008-06-12,2.01
2008-06-13,2.02
2008-06-16,2.06
2008-06-17,1.87
2008-06-18,1.84
2008-06-19,1.94
2008-06-20,1.99
2008-06-23,1.98
2008-06-24,1.93
2008-06-25,1.97
2008-06-26,2.05
2008-06-27,1.99
2008-06-30,2.47
2008-07-01,2.11
2008-07-02,1.95
2008-07-03,1.92
2008-07-04,.
2008-07-07,1.99
2008-07-08,1.97
2008-07-09,1.99
2008-07-10,2.01
2008-07-11,1.97
2008-07-14,2.06
2008-07-15,2.16
2008-07-16,1.95
2008-07-17,2.03
2008-07-18,1.96
2008-07-21,1.98
2008-07-22,1.97
2008-07-23,2.04
2008-07-24,2.06
2008-07-25,2.13
2008-07-28,2.00
2008-07-29,2.05
2008-07-30,2.03
2008-07-31,2.09
2008-08-01,2.04
2008-08-04,1.97
2008-08-05,1.97
2008-08-06,2.01
2008-08-07,1.96
2008-08-08,2.01
2008-08-11,1.99
2008-08-12,1.95
2008-08-13,1.98
2008-08-14,2.09
2008-08-15,2.08
2008-08-18,1.91
2008-08-19,1.94
2008-08-20,1.98
2008-08-21,2.01
2008-08-22,2.02
2008-08-25,2.01
2008-08-26,1.88
2008-08-27,1.98
2008-08-28,1.99
2008-08-29,1.94
2008-09-01,.
2008-09-02,1.96
2008-09-03,2.01
2008-09-04,1.99
2008-09-05,1.97
2008-09-08,1.92
2008-09-09,1.96
2008-09-10,2.12
2008-09-11,2.00
2008-09-12,2.10
2008-09-15,2.64
2008-09-16,1.98
2008-09-17,2.80
2008-09-18,2.16
2008-09-19,1.48
2008-09-22,1.51
2008-09-23,1.46
2008-09-24,1.19
2008-09-25,1.23
2008-09-26,1.08
2008-09-29,1.56
2008-09-30,2.03
2008-10-01,1.15
2008-10-02,0.67
2008-10-03,1.10
2008-10-06,1.96
2008-10-07,2.97
2008-10-08,2.24
2008-10-09,1.40
2008-10-10,0.79
2008-10-13,.
2008-10-14,1.10
2008-10-15,1.04
2008-10-16,0.83
2008-10-17,0.60
2008-10-20,0.70
2008-10-21,0.67
2008-10-22,0.81
2008-10-23,0.93
2008-10-24,0.95
2008-10-27,0.92
2008-10-28,0.67
2008-10-29,0.36
2008-10-30,0.30
2008-10-31,0.22
2008-11-03,0.23
2008-11-04,0.23
2008-11-05,0.23
2008-11-06,0.23
2008-11-07,0.27
2008-11-10,0.29
2008-11-11,.
2008-11-12,0.35
2008-11-13,0.35
2008-11-14,0.34
2008-11-17,0.37
2008-11-18,0.38
2008-11-19,0.38
2008-11-20,0.49
2008-11-21,0.57
2008-11-24,0.62
2008-11-25,0.59
2008-11-26,0.53
2008-11-27,.
2008-11-28,0.52
2008-12-01,0.52
2008-12-02,0.47
2008-12-03,0.36
2008-12-04,0.20
2008-12-05,0.12
2008-12-08,0.12
2008-12-09,0.13
2008-12-10,0.11
2008-12-11,0.14
2008-12-12,0.15
2008-12-15,0.18
2008-12-16,0.17
2008-12-17,0.12
2008-12-18,0.11
2008-12-19,0.11
2008-12-22,0.11
2008-12-23,0.11
2008-12-24,0.11
2008-12-25,.
2008-12-26,0.09
2008-12-29,0.10
2008-12-30,0.09
2008-12-31,0.14
2009-01-01,.
2009-01-02,0.08
2009-01-05,0.11
2009-01-06,0.09
2009-01-07,0.11
2009-01-08,0.10
2009-01-09,0.09
2009-01-12,0.10
2009-01-13,0.10
2009-01-14,0.15
2009-01-15,0.18
2009-01-16,0.19
2009-01-19,.
2009-01-20,0.20
2009-01-21,0.23
2009-01-22,0.21
2009-01-23,0.18
2009-01-26,0.19
2009-01-27,0.18
2009-01-28,0.19
2009-01-29,0.23
2009-01-30,0.23
2009-02-02,0.24
2009-02-03,0.24
2009-02-04,0.24
2009-02-05,0.23
2009-02-06,0.23
2009-02-09,0.22
2009-02-10,0.24
2009-02-11,0.22
2009-02-12,0.23
2009-02-13,0.22
2009-02-16,.
2009-02-17,0.25
2009-02-18,0.23
2009-02-19,0.21
2009-02-20,0.20
2009-02-23,0.19
2009-02-24,0.21
2009-02-25,0.21
2009-02-26,0.22
2009-02-27,0.22
2009-03-02,0.22
2009-03-03,0.20
2009-03-04,0.21
2009-03-05,0.20
2009-03-06,0.20
2009-03-09,0.20
2009-03-10,0.20
2009-03-11,0.19
2009-03-12,0.18
2009-03-13,0.15
2009-03-16,0.20
2009-03-17,0.20
2009-03-18,0.18
2009-03-19,0.17
2009-03-20,0.18
2009-03-23,0.17
2009-03-24,0.17
2009-03-25,0.17
2009-03-26,0.16
2009-03-27,0.15
2009-03-30,0.16
2009-03-31,0.16
2009-04-01,0.16
2009-04-02,0.16
2009-04-03,0.13
2009-04-06,0.14
2009-04-07,0.14
2009-04-08,0.14
2009-04-09,0.14
2009-04-10,0.15
2009-04-13,0.13
2009-04-14,0.16
2009-04-15,0.16
2009-04-16,0.15
2009-04-17,0.13
2009-04-20,0.14
2009-04-21,0.15
2009-04-22,0.15
2009-04-23,0.17
2009-04-24,0.16
2009-04-27,0.17
2009-04-28,0.16
2009-04-29,0.18
2009-04-30,0.20
2009-05-01,0.22
2009-05-04,0.22
2009-05-05,0.20
2009-05-06,0.18
2009-05-07,0.18
2009-05-08,0.17
2009-05-11,0.17
2009-05-12,0.16
2009-05-13,0.16
2009-05-14,0.16
2009-05-15,0.17
2009-05-18,0.16
2009-05-19,0.15
2009-05-20,0.14
2009-05-21,0.17
2009-05-22,0.17
2009-05-25,.
2009-05-26,0.18
2009-05-27,0.17
2009-05-28,0.17
2009-05-29,0.19
2009-06-01,0.21
2009-06-02,0.20
2009-06-03,0.21
2009-06-04,0.20
2009-06-05,0.21
2009-06-08,0.21
2009-06-09,0.18
2009-06-10,0.18
2009-06-11,0.17
2009-06-12,0.17
2009-06-15,0.22
2009-06-16,0.22
2009-06-17,0.24
2009-06-18,0.25
2009-06-19,0.25
2009-06-22,0.24
2009-06-23,0.24
2009-06-24,0.21
2009-06-25,0.19
2009-06-26,0.18
2009-06-29,0.17
2009-06-30,0.22
2009-07-01,0.20
2009-07-02,0.17
2009-07-03,0.16
2009-07-06,0.18
2009-07-07,0.18
2009-07-08,0.16
2009-07-09,0.15
2009-07-10,0.15
2009-07-13,0.13
2009-07-14,0.13
2009-07-15,0.14
2009-07-16,0.15
2009-07-17,0.15
2009-07-20,0.15
2009-07-21,0.14
2009-07-22,0.14
2009-07-23,0.15
2009-07-24,0.15
2009-07-27,0.16
2009-07-28,0.15
2009-07-29,0.17
2009-07-30,0.17
2009-07-31,0.18
2009-08-03,0.18
2009-08-04,0.17
2009-08-05,0.17
2009-08-06,0.17
2009-08-07,0.17
2009-08-10,0.17
2009-08-11,0.16
2009-08-12,0.15
2009-08-13,0.15
2009-08-14,0.15
2009-08-17,0.17
2009-08-18,0.17
2009-08-19,0.17
2009-08-20,0.17
2009-08-21,0.16
2009-08-24,0.16
2009-08-25,0.15
2009-08-26,0.15
2009-08-27,0.14
2009-08-28,0.14
2009-08-31,0.15
2009-09-01,0.15
2009-09-02,0.16
2009-09-03,0.15
2009-09-04,0.15
2009-09-07,.
2009-09-08,0.15
2009-09-09,0.15
2009-09-10,0.16
2009-09-11,0.15
2009-09-14,0.16
2009-09-15,0.17
2009-09-16,0.17
2009-09-17,0.16
2009-09-18,0.16
2009-09-21,0.15
2009-09-22,0.15
2009-09-23,0.15
2009-09-24,0.14
2009-09-25,0.13
2009-09-28,0.13
2009-09-29,0.11
2009-09-30,0.07
2009-10-01,0.11
2009-10-02,0.13
2009-10-05,0.13
2009-10-06,0.12
2009-10-07,0.13
2009-10-08,0.12
2009-10-09,0.12
2009-10-12,.
2009-10-13,0.12
2009-10-14,0.12
2009-10-15,0.13
2009-10-16,0.12
2009-10-19,0.12
2009-10-20,0.12
2009-10-21,0.11
2009-10-22,0.11
2009-10-23,0.11
2009-10-26,0.11
2009-10-27,0.11
2009-10-28,0.11
2009-10-29,0.11
2009-10-30,0.11
2009-11-02,0.12
2009-11-03,0.12
2009-11-04,0.13
2009-11-05,0.13
2009-11-06,0.12
2009-11-09,0.12
2009-11-10,0.13
2009-11-11,.
2009-11-12,0.12
2009-11-13,0.12
2009-11-16,0.12
2009-11-17,0.12
2009-11-18,0.11
2009-11-19,0.11
2009-11-20,0.11
2009-11-23,0.12
2009-11-24,0.12
2009-11-25,0.11
2009-11-26,.
2009-11-27,0.12
2009-11-30,0.13
2009-12-01,0.13
2009-12-02,0.13
2009-12-03,0.13
2009-12-04,0.12
2009-12-07,0.12
2009-12-08,0.12
2009-12-09,0.12
2009-12-10,0.12
2009-12-11,0.12
2009-12-14,0.12
2009-12-15,0.13
2009-12-16,0.14
2009-12-17,0.13
2009-12-18,0.12
2009-12-21,0.12
2009-12-22,0.12
2009-12-23,0.11
2009-12-24,0.11
2009-12-25,.
2009-12-28,0.12
2009-12-29,0.12
2009-12-30,0.11
2009-12-31,0.05
2010-01-01,.
2010-01-04,0.12
2010-01-05,0.12
2010-01-06,0.12
2010-01-07,0.10
2010-01-08,0.11
2010-01-11,0.11
2010-01-12,0.11
2010-01-13,0.11
2010-01-14,0.11
2010-01-15,0.12
2010-01-18,.
2010-01-19,0.13
2010-01-20,0.13
2010-01-21,0.12
2010-01-22,0.11
2010-01-25,0.12
2010-01-26,0.12
2010-01-27,0.12
2010-01-28,0.12
2010-01-29,0.12
2010-02-01,0.14
2010-02-02,0.14
2010-02-03,0.13
2010-02-04,0.14
2010-02-05,0.13
2010-02-08,0.13
2010-02-09,0.13
2010-02-10,0.12
2010-02-11,0.12
2010-02-12,0.12
2010-02-15,.
2010-02-16,0.13
2010-02-17,0.12
2010-02-18,0.12
2010-02-19,0.13
2010-02-22,0.12
2010-02-23,0.12
2010-02-24,0.11
2010-02-25,0.12
2010-02-26,0.13
2010-03-01,0.14
2010-03-02,0.14
2010-03-03,0.15
2010-03-04,0.16
2010-03-05,0.17
2010-03-08,0.15
2010-03-09,0.14
2010-03-10,0.14
2010-03-11,0.15
2010-03-12,0.17
2010-03-15,0.20
2010-03-16,0.20
2010-03-17,0.18
2010-03-18,0.18
2010-03-19,0.18
2010-03-22,0.18
2010-03-23,0.17
2010-03-24,0.17
2010-03-25,0.17
2010-03-26,0.17
2010-03-29,0.16
2010-03-30,0.16
2010-03-31,0.09
2010-04-01,0.17
2010-04-02,0.20
2010-04-05,0.20
2010-04-06,0.20
2010-04-07,0.19
2010-04-08,0.19
2010-04-09,0.19
2010-04-12,0.19
2010-04-13,0.20
2010-04-14,0.20
2010-04-15,0.22
2010-04-16,0.21
2010-04-19,0.20
2010-04-20,0.20
2010-04-21,0.20
2010-04-22,0.20
2010-04-23,0.20
2010-04-26,0.20
2010-04-27,0.20
2010-04-28,0.20
2010-04-29,0.19
2010-04-30,0.20
2010-05-03,0.20
2010-05-04,0.21
2010-05-05,0.21
2010-05-06,0.20
2010-05-07,0.20
2010-05-10,0.20
2010-05-11,0.20
2010-05-12,0.20
2010-05-13,0.20
2010-05-14,0.20
2010-05-17,0.21
2010-05-18,0.21
2010-05-19,0.20
2010-05-20,0.20
2010-05-21,0.20
2010-05-24,0.21
2010-05-25,0.21
2010-05-26,0.20
2010-05-27,0.20
2010-05-28,0.19
2010-05-31,.
2010-06-01,0.20
2010-06-02,0.20
2010-06-03,0.19
2010-06-04,0.19
2010-06-07,0.19
2010-06-08,0.19
2010-06-09,0.18
2010-06-10,0.18
2010-06-11,0.18
2010-06-14,0.18
2010-06-15,0.19
2010-06-16,0.19
2010-06-17,0.19
2010-06-18,0.18
2010-06-21,0.17
2010-06-22,0.18
2010-06-23,0.17
2010-06-24,0.16
2010-06-25,0.16
2010-06-28,0.17
2010-06-29,0.15
2010-06-30,0.09
2010-07-01,0.17
2010-07-02,0.18
2010-07-05,.
2010-07-06,0.18
2010-07-07,0.18
2010-07-08,0.17
2010-07-09,0.18
2010-07-12,0.17
2010-07-13,0.17
2010-07-14,0.17
2010-07-15,0.19
2010-07-16,0.19
2010-07-19,0.19
2010-07-20,0.18
2010-07-21,0.18
2010-07-22,0.18
2010-07-23,0.19
2010-07-26,0.19
2010-07-27,0.19
2010-07-28,0.20
2010-07-29,0.19
2010-07-30,0.18
2010-08-02,0.19
2010-08-03,0.19
2010-08-04,0.19
2010-08-05,0.19
2010-08-06,0.18
2010-08-09,0.18
2010-08-10,0.18
2010-08-11,0.17
2010-08-12,0.18
2010-08-13,0.19
2010-08-16,0.20
2010-08-17,0.20
2010-08-18,0.19
2010-08-19,0.19
2010-08-20,0.20
2010-08-23,0.19
2010-08-24,0.19
2010-08-25,0.19
2010-08-26,0.19
2010-08-27,0.19
2010-08-30,0.19
2010-08-31,0.21
2010-09-01,0.19
2010-09-02,0.19
2010-09-03,0.19
2010-09-06,.
2010-09-07,0.20
2010-09-08,0.19
2010-09-09,0.18
2010-09-10,0.18
2010-09-13,0.18
2010-09-14,0.19
2010-09-15,0.21
2010-09-16,0.21
2010-09-17,0.21
2010-09-20,0.21
2010-09-21,0.20
2010-09-22,0.21
2010-09-23,0.20
2010-09-24,0.21
2010-09-27,0.19
2010-09-28,0.19
2010-09-29,0.19
2010-09-30,0.15
2010-10-01,0.20
2010-10-04,0.20
2010-10-05,0.20
2010-10-06,0.19
2010-10-07,0.18
2010-10-08,0.18
2010-10-11,.
2010-10-12,0.18
2010-10-13,0.18
2010-10-14,0.19
2010-10-15,0.20
2010-10-18,0.19
2010-10-19,0.19
2010-10-20,0.19
2010-10-21,0.19
2010-10-22,0.19
2010-10-25,0.19
2010-10-26,0.19
2010-10-27,0.19
2010-10-28,0.19
2010-10-29,0.20
2010-11-01,0.20
2010-11-02,0.20
2010-11-03,0.20
2010-11-04,0.19
2010-11-05,0.18
2010-11-08,0.18
2010-11-09,0.17
2010-11-10,0.17
2010-11-11,.
2010-11-12,0.19
2010-11-15,0.21
2010-11-16,0.21
2010-11-17,0.20
2010-11-18,0.20
2010-11-19,0.21
2010-11-22,0.19
2010-11-23,0.20
2010-11-24,0.20
2010-11-25,.
2010-11-26,0.20
2010-11-29,0.20
2010-11-30,0.20
2010-12-01,0.20
2010-12-02,0.19
2010-12-03,0.18
2010-12-06,0.18
2010-12-07,0.17
2010-12-08,0.17
2010-12-09,0.16
2010-12-10,0.16
2010-12-13,0.17
2010-12-14,0.19
2010-12-15,0.20
2010-12-16,0.20
2010-12-17,0.20
2010-12-20,0.21
2010-12-21,0.20
2010-12-22,0.19
2010-12-23,0.19
2010-12-24,0.19
2010-12-27,0.19
2010-12-28,0.18
2010-12-29,0.18
2010-12-30,0.19
2010-12-31,0.13
2011-01-03,0.19
2011-01-04,0.18
2011-01-05,0.18
2011-01-06,0.17
2011-01-07,0.17
2011-01-10,0.17
2011-01-11,0.17
2011-01-12,0.16
2011-01-13,0.16
2011-01-14,0.16
2011-01-17,.
2011-01-18,0.19
2011-01-19,0.18
2011-01-20,0.18
2011-01-21,0.17
2011-01-24,0.18
2011-01-25,0.17
2011-01-26,0.17
2011-01-27,0.17
2011-01-28,0.17
2011-01-31,0.17
2011-02-01,0.18
2011-02-02,0.18
2011-02-03,0.17
2011-02-04,0.17
2011-02-07,0.17
2011-02-08,0.16
2011-02-09,0.15
2011-02-10,0.15
2011-02-11,0.15
2011-02-14,0.15
2011-02-15,0.16
2011-02-16,0.15
2011-02-17,0.15
2011-02-18,0.15
2011-02-21,.
2011-02-22,0.15
2011-02-23,0.15
2011-02-24,0.15
2011-02-25,0.15
2011-02-28,0.16
2011-03-01,0.15
2011-03-02,0.16
2011-03-03,0.15
2011-03-04,0.15
2011-03-07,0.14
2011-03-08,0.14
2011-03-09,0.14
2011-03-10,0.14
2011-03-11,0.13
2011-03-14,0.14
2011-03-15,0.14
2011-03-16,0.14
2011-03-17,0.14
2011-03-18,0.15
2011-03-21,0.14
2011-03-22,0.14
2011-03-23,0.14
2011-03-24,0.13
2011-03-25,0.13
2011-03-28,0.13
2011-03-29,0.13
2011-03-30,0.13
2011-03-31,0.10
2011-04-01,0.11
2011-04-04,0.09
2011-04-05,0.09
2011-04-06,0.10
2011-04-07,0.10
2011-04-08,0.09
2011-04-11,0.09
2011-04-12,0.08
2011-04-13,0.08
2011-04-14,0.09
2011-04-15,0.12
2011-04-18,0.10
2011-04-19,.
2011-04-20,0.10
2011-04-21,0.10
2011-04-22,0.10
2011-04-25,0.10
2011-04-26,0.09
2011-04-27,0.09
2011-04-28,0.09
2011-04-29,0.09
2011-05-02,0.09
2011-05-03,0.09
2011-05-04,0.09
2011-05-05,0.09
2011-05-06,0.09
2011-05-09,0.09
2011-05-10,0.09
2011-05-11,0.09
2011-05-12,0.09
2011-05-13,0.09
2011-05-16,0.10
2011-05-17,0.09
2011-05-18,0.10
2011-05-19,0.09
2011-05-20,0.10
2011-05-23,0.10
2011-05-24,0.10
2011-05-25,0.09
2011-05-26,0.09
2011-05-27,0.10
2011-05-30,.
2011-05-31,0.10
2011-06-01,0.10
2011-06-02,0.10
2011-06-03,0.11
2011-06-06,0.10
2011-06-07,0.09
2011-06-08,0.09
2011-06-09,0.09
2011-06-10,0.09
2011-06-13,0.10
2011-06-14,0.10
2011-06-15,0.10
2011-06-16,0.10
2011-06-17,0.10
2011-06-20,0.09
2011-06-21,0.09
2011-06-22,0.09
2011-06-23,0.08
2011-06-24,0.08
2011-06-27,0.08
2011-06-28,0.08
2011-06-29,0.07
2011-06-30,0.07
2011-07-01,0.08
2011-07-04,.
2011-07-05,0.08
2011-07-06,0.07
2011-07-07,0.07
2011-07-08,0.07
2011-07-11,0.07
2011-07-12,0.06
2011-07-13,0.06
2011-07-14,0.06
2011-07-15,0.06
2011-07-18,0.06
2011-07-19,0.06
2011-07-20,0.06
2011-07-21,0.06
2011-07-22,0.06
2011-07-25,0.06
2011-07-26,0.06
2011-07-27,0.07
2011-07-28,0.08
2011-07-29,0.11
2011-08-01,0.17
2011-08-02,0.16
2011-08-03,0.12
2011-08-04,0.09
2011-08-05,0.08
2011-08-08,0.11
2011-08-09,0.10
2011-08-10,0.10
2011-08-11,0.09
2011-08-12,0.10
2011-08-15,0.10
2011-08-16,0.09
2011-08-17,0.09
2011-08-18,0.09
2011-08-19,0.09
2011-08-22,0.09
2011-08-23,0.08
2011-08-24,0.08
2011-08-25,0.08
2011-08-26,0.09
2011-08-29,0.09
2011-08-30,0.08
2011-08-31,0.08
2011-09-01,0.08
2011-09-02,0.08
2011-09-05,.
2011-09-06,0.09
2011-09-07,0.09
2011-09-08,0.09
2011-09-09,0.09
2011-09-12,0.09
2011-09-13,0.09
2011-09-14,0.08
2011-09-15,0.09
2011-09-16,0.09
2011-09-19,0.09
2011-09-20,0.09
2011-09-21,0.08
2011-09-22,0.08
2011-09-23,0.08
2011-09-26,0.08
2011-09-27,0.08
2011-09-28,0.08
2011-09-29,0.08
2011-09-30,0.06
2011-10-03,0.08
2011-10-04,0.07
2011-10-05,0.07
2011-10-06,0.07
2011-10-07,0.07
2011-10-10,.
2011-10-11,0.07
2011-10-12,0.07
2011-10-13,0.07
2011-10-14,0.07
2011-10-17,0.07
2011-10-18,0.07
2011-10-19,0.07
2011-10-20,0.07
2011-10-21,0.07
2011-10-24,0.07
2011-10-25,0.07
2011-10-26,0.08
2011-10-27,0.07
2011-10-28,0.07
2011-10-31,0.09
2011-11-01,0.08
2011-11-02,0.08
2011-11-03,0.09
2011-11-04,0.08
2011-11-07,0.08
2011-11-08,0.08
2011-11-09,0.08
2011-11-10,0.08
2011-11-11,.
2011-11-14,0.08
2011-11-15,0.09
2011-11-16,0.08
2011-11-17,0.08
2011-11-18,0.08
2011-11-21,0.08
2011-11-22,0.08
2011-11-23,0.09
2011-11-24,.
2011-11-25,0.07
2011-11-28,0.08
2011-11-29,0.08
2011-11-30,0.10
2011-12-01,0.08
2011-12-02,0.08
2011-12-05,0.08
2011-12-06,0.08
2011-12-07,0.08
2011-12-08,0.07
2011-12-09,0.07
2011-12-12,0.07
2011-12-13,0.07
2011-12-14,0.07
2011-12-15,0.07
2011-12-16,0.07
2011-12-19,0.07
2011-12-20,0.07
2011-12-21,0.07
2011-12-22,0.07
2011-12-23,0.08
2011-12-26,.
2011-12-27,0.07
2011-12-28,0.07
2011-12-29,0.07
2011-12-30,0.04
2012-01-02,.
2012-01-03,0.07
2012-01-04,0.07
2012-01-05,0.07
2012-01-06,0.07
2012-01-09,0.08
2012-01-10,0.08
2012-01-11,0.08
2012-01-12,0.08
2012-01-13,0.09
2012-01-16,.
2012-01-17,0.09
2012-01-18,0.09
2012-01-19,0.10
2012-01-20,0.09
2012-01-23,0.09
2012-01-24,0.09
2012-01-25,0.08
2012-01-26,0.08
2012-01-27,0.09
2012-01-30,0.09
2012-01-31,0.11
2012-02-01,0.11
2012-02-02,0.11
2012-02-03,0.11
2012-02-06,0.11
2012-02-07,0.11
2012-02-08,0.11
2012-02-09,0.11
2012-02-10,0.12
2012-02-13,0.12
2012-02-14,0.12
2012-02-15,0.12
2012-02-16,0.11
2012-02-17,0.09
2012-02-20,.
2012-02-21,0.10
2012-02-22,0.08
2012-02-23,0.08
2012-02-24,0.09
2012-02-27,0.10
2012-02-28,0.10
2012-02-29,0.10
2012-03-01,0.11
2012-03-02,0.11
2012-03-05,0.11
2012-03-06,0.11
2012-03-07,0.11
2012-03-08,0.11
2012-03-09,0.12
2012-03-12,0.12
2012-03-13,0.12
2012-03-14,0.13
2012-03-15,0.14
2012-03-16,0.15
2012-03-19,0.15
2012-03-20,0.15
2012-03-21,0.15
2012-03-22,0.14
2012-03-23,0.14
2012-03-26,0.14
2012-03-27,0.14
2012-03-28,0.13
2012-03-29,0.13
2012-03-30,0.09
2012-04-02,0.15
2012-04-03,0.15
2012-04-04,0.15
2012-04-05,0.15
2012-04-06,0.12
2012-04-09,0.16
2012-04-10,0.15
2012-04-11,0.16
2012-04-12,0.15
2012-04-13,0.15
2012-04-16,0.15
2012-04-17,0.16
2012-04-18,0.15
2012-04-19,0.13
2012-04-20,0.12
2012-04-23,0.13
2012-04-24,0.14
2012-04-25,0.15
2012-04-26,0.14
2012-04-27,0.13
2012-04-30,0.16
2012-05-01,0.16
2012-05-02,0.15
2012-05-03,0.15
2012-05-04,0.16
2012-05-07,0.16
2012-05-08,0.16
2012-05-09,0.15
2012-05-10,0.15
2012-05-11,0.15
2012-05-14,0.16
2012-05-15,0.16
2012-05-16,0.16
2012-05-17,0.16
2012-05-18,0.16
2012-05-21,0.16
2012-05-22,0.16
2012-05-23,0.15
2012-05-24,0.15
2012-05-25,0.15
2012-05-28,.
2012-05-29,0.16
2012-05-30,0.16
2012-05-31,0.16
2012-06-01,0.16
2012-06-04,0.17
2012-06-05,0.17
2012-06-06,0.16
2012-06-07,0.16
2012-06-08,0.17
2012-06-11,0.17
2012-06-12,0.16
2012-06-13,0.17
2012-06-14,0.17
2012-06-15,0.18
2012-06-18,0.17
2012-06-19,0.17
2012-06-20,0.16
2012-06-21,0.17
2012-06-22,0.17
2012-06-25,0.17
2012-06-26,0.16
2012-06-27,0.15
2012-06-28,0.15
2012-06-29,0.09
2012-07-02,0.18
2012-07-03,0.17
2012-07-04,.
2012-07-05,0.17
2012-07-06,0.17
2012-07-09,0.17
2012-07-10,0.17
2012-07-11,0.17
2012-07-12,0.18
2012-07-13,0.19
2012-07-16,0.18
2012-07-17,0.17
2012-07-18,0.16
2012-07-19,0.13
2012-07-20,0.13
2012-07-23,0.14
2012-07-24,0.15
2012-07-25,0.15
2012-07-26,0.14
2012-07-27,0.14
2012-07-30,0.14
2012-07-31,0.13
2012-08-01,0.14
2012-08-02,0.14
2012-08-03,0.14
2012-08-06,0.14
2012-08-07,0.13
2012-08-08,0.13
2012-08-09,0.13
2012-08-10,0.13
2012-08-13,0.13
2012-08-14,0.13
2012-08-15,0.13
2012-08-16,0.13
2012-08-17,0.13
2012-08-20,0.13
2012-08-21,0.13
2012-08-22,0.13
2012-08-23,0.13
2012-08-24,0.13
2012-08-27,0.13
2012-08-28,0.13
2012-08-29,0.13
2012-08-30,0.14
2012-08-31,0.13
2012-09-03,.
2012-09-04,0.14
2012-09-05,0.16
2012-09-06,0.16
2012-09-07,0.15
2012-09-10,0.15
2012-09-11,0.15
2012-09-12,0.15
2012-09-13,0.15
2012-09-14,0.16
2012-09-17,0.16
2012-09-18,0.16
2012-09-19,0.15
2012-09-20,0.16
2012-09-21,0.15
2012-09-24,0.16
2012-09-25,0.15
2012-09-26,0.15
2012-09-27,0.14
2012-09-28,0.09
2012-10-01,0.15
2012-10-02,0.16
2012-10-03,0.16
2012-10-04,0.15
2012-10-05,0.15
2012-10-08,.
2012-10-09,0.16
2012-10-10,0.16
2012-10-11,0.16
2012-10-12,0.16
2012-10-15,0.16
2012-10-16,0.16
2012-10-17,0.15
2012-10-18,0.15
2012-10-19,0.16
2012-10-22,0.15
2012-10-23,0.15
2012-10-24,0.17
2012-10-25,0.16
2012-10-26,0.16
2012-10-29,0.17
2012-10-30,0.17
2012-10-31,0.18
2012-11-01,0.17
2012-11-02,0.16
2012-11-05,0.17
2012-11-06,0.16
2012-11-07,0.16
2012-11-08,0.16
2012-11-09,0.16
2012-11-12,.
2012-11-13,0.16
2012-11-14,0.16
2012-11-15,0.16
2012-11-16,0.16
2012-11-19,0.16
2012-11-20,0.16
2012-11-21,0.16
2012-11-22,.
2012-11-23,0.16
2012-11-26,0.16
2012-11-27,0.16
2012-11-28,0.16
2012-11-29,0.16
2012-11-30,0.16
2012-12-03,0.16
2012-12-04,0.17
2012-12-05,0.16
2012-12-06,0.16
2012-12-07,0.16
2012-12-10,0.16
2012-12-11,0.17
2012-12-12,0.17
2012-12-13,0.16
2012-12-14,0.17
2012-12-17,0.16
2012-12-18,0.17
2012-12-19,0.17
2012-12-20,0.17
2012-12-21,0.17
2012-12-24,0.18
2012-12-25,.
2012-12-26,0.17
2012-12-27,0.17
2012-12-28,0.17
2012-12-31,0.09
2013-01-01,.
2013-01-02,0.17
2013-01-03,0.17
2013-01-04,0.16
2013-01-07,0.16
2013-01-08,0.15
2013-01-09,0.14
2013-01-10,0.14
2013-01-11,0.14
2013-01-14,0.14
2013-01-15,0.15
2013-01-16,0.14
2013-01-17,0.14
2013-01-18,0.14
2013-01-21,.
2013-01-22,0.14
2013-01-23,0.13
2013-01-24,0.15
2013-01-25,0.14
2013-01-28,0.14
2013-01-29,0.12
2013-01-30,0.12
2013-01-31,0.15
2013-02-01,0.14
2013-02-04,0.13
2013-02-05,0.13
2013-02-06,0.13
2013-02-07,0.13
2013-02-08,0.14
2013-02-11,0.14
2013-02-12,0.13
2013-02-13,0.14
2013-02-14,0.14
2013-02-15,0.16
2013-02-18,.
2013-02-19,0.15
2013-02-20,0.15
2013-02-21,0.16
2013-02-22,0.16
2013-02-25,0.15
2013-02-26,0.14
2013-02-27,0.14
2013-02-28,0.14
2013-03-01,0.14
2013-03-04,0.16
2013-03-05,0.15
2013-03-06,0.15
2013-03-07,0.16
2013-03-08,0.15
2013-03-11,0.16
2013-03-12,0.15
2013-03-13,0.14
2013-03-14,0.15
2013-03-15,0.16
2013-03-18,0.16
2013-03-19,0.15
2013-03-20,0.15
2013-03-21,0.16
2013-03-22,0.15
2013-03-25,0.15
2013-03-26,0.14
2013-03-27,0.12
2013-03-28,0.13
2013-03-29,0.09
2013-04-01,0.16
2013-04-02,0.15
2013-04-03,0.14
2013-04-04,0.14
2013-04-05,0.15
2013-04-08,0.15
2013-04-09,0.15
2013-04-10,0.15
2013-04-11,0.15
2013-04-12,0.15
2013-04-15,0.15
2013-04-16,0.15
2013-04-17,0.15
2013-04-18,0.15
2013-04-19,0.15
2013-04-22,0.15
2013-04-23,0.14
2013-04-24,0.13
2013-04-25,0.13
2013-04-26,0.13
2013-04-29,0.13
2013-04-30,0.14
2013-05-01,0.14
2013-05-02,0.15
2013-05-03,0.14
2013-05-06,0.14
2013-05-07,0.12
2013-05-08,0.12
2013-05-09,0.12
2013-05-10,0.12
2013-05-13,0.12
2013-05-14,0.11
2013-05-15,0.12
2013-05-16,0.11
2013-05-17,0.10
2013-05-20,0.10
2013-05-21,0.09
2013-05-22,0.08
2013-05-23,0.08
2013-05-24,0.09
2013-05-27,.
2013-05-28,0.09
2013-05-29,0.08
2013-05-30,0.08
2013-05-31,0.09
2013-06-03,0.10
2013-06-04,0.11
2013-06-05,0.09
2013-06-06,0.10
2013-06-07,0.09
2013-06-10,0.09
2013-06-11,0.09
2013-06-12,0.08
2013-06-13,0.09
2013-06-14,0.10
2013-06-17,0.11
2013-06-18,0.12
2013-06-19,0.10
2013-06-20,0.10
2013-06-21,0.10
2013-06-24,0.10
2013-06-25,0.09
2013-06-26,0.09
2013-06-27,0.09
2013-06-28,0.07
2013-07-01,0.10
2013-07-02,0.10
2013-07-03,0.10
2013-07-04,.
2013-07-05,0.10
2013-07-08,0.10
2013-07-09,0.10
2013-07-10,0.09
2013-07-11,0.09
2013-07-12,0.09
2013-07-15,0.09
2013-07-16,0.09
2013-07-17,0.09
2013-07-18,0.09
2013-07-19,0.09
2013-07-22,0.09
2013-07-23,0.09
2013-07-24,0.09
2013-07-25,0.09
2013-07-26,0.09
2013-07-29,0.08
2013-07-30,0.09
2013-07-31,0.09
2013-08-01,0.08
2013-08-02,0.09
2013-08-05,0.08
2013-08-06,0.09
2013-08-07,0.09
2013-08-08,0.09
2013-08-09,0.08
2013-08-12,0.08
2013-08-13,0.08
2013-08-14,0.09
2013-08-15,0.08
2013-08-16,0.09
2013-08-19,0.09
2013-08-20,0.09
2013-08-21,0.08
2013-08-22,0.09
2013-08-23,0.08
2013-08-26,0.08
2013-08-27,0.07
2013-08-28,0.07
2013-08-29,0.08
2013-08-30,0.07
2013-09-02,.
2013-09-03,0.09
2013-09-04,0.08
2013-09-05,0.08
2013-09-06,0.08
2013-09-09,0.08
2013-09-10,0.08
2013-09-11,0.08
2013-09-12,0.08
2013-09-13,0.08
2013-09-16,0.08
2013-09-17,0.08
2013-09-18,0.08
2013-09-19,0.09
2013-09-20,0.08
2013-09-23,0.09
2013-09-24,0.09
2013-09-25,0.08
2013-09-26,0.08
2013-09-27,0.08
2013-09-30,0.06
2013-10-01,0.08
2013-10-02,0.07
2013-10-03,0.08
2013-10-04,0.08
2013-10-07,0.08
2013-10-08,0.08
2013-10-09,0.09
2013-10-10,0.09
2013-10-11,0.10
2013-10-14,.
2013-10-15,0.10
2013-10-16,0.11
2013-10-17,0.10
2013-10-18,0.10
2013-10-21,0.09
2013-10-22,0.08
2013-10-23,0.08
2013-10-24,0.08
2013-10-25,0.08
2013-10-28,0.08
2013-10-29,0.08
2013-10-30,0.08
2013-10-31,0.07
2013-11-01,0.08
2013-11-04,0.08
2013-11-05,0.08
2013-11-06,0.08
2013-11-07,0.08
2013-11-08,0.08
2013-11-11,.
2013-11-12,0.08
2013-11-13,0.08
2013-11-14,0.09
2013-11-15,0.09
2013-11-18,0.09
2013-11-19,0.09
2013-11-20,0.09
2013-11-21,0.09
2013-11-22,0.09
2013-11-25,0.09
2013-11-26,0.09
2013-11-27,0.09
2013-11-28,.
2013-11-29,0.07
2013-12-02,0.09
2013-12-03,0.09
2013-12-04,0.09
2013-12-05,0.09
2013-12-06,0.09
2013-12-09,0.09
2013-12-10,0.09
2013-12-11,0.08
2013-12-12,0.09
2013-12-13,0.08
2013-12-16,0.09
2013-12-17,0.09
2013-12-18,0.09
2013-12-19,0.09
2013-12-20,0.09
2013-12-23,0.09
2013-12-24,0.08
2013-12-25,.
2013-12-26,0.08
2013-12-27,0.08
2013-12-30,0.08
2013-12-31,0.07
2014-01-01,.
2014-01-02,0.08
2014-01-03,0.08
2014-01-06,0.08
2014-01-07,0.07
2014-01-08,0.07
2014-01-09,0.07
2014-01-10,0.07
2014-01-13,0.07
2014-01-14,0.07
2014-01-15,0.07
2014-01-16,0.07
2014-01-17,0.07
2014-01-20,.
2014-01-21,0.07
2014-01-22,0.07
2014-01-23,0.07
2014-01-24,0.07
2014-01-27,0.07
2014-01-28,0.07
2014-01-29,0.07
2014-01-30,0.07
2014-01-31,0.07
2014-02-03,0.07
2014-02-04,0.07
2014-02-05,0.07
2014-02-06,0.07
2014-02-07,0.06
2014-02-10,0.07
2014-02-11,0.06
2014-02-12,0.07
2014-02-13,0.06
2014-02-14,0.06
2014-02-17,.
2014-02-18,0.07
2014-02-19,0.07
2014-02-20,0.07
2014-02-21,0.07
2014-02-24,0.07
2014-02-25,0.07
2014-02-26,0.07
2014-02-27,0.07
2014-02-28,0.06
2014-03-03,0.07
2014-03-04,0.07
2014-03-05,0.08
2014-03-06,0.08
2014-03-07,0.08
2014-03-10,0.08
2014-03-11,0.08
2014-03-12,0.08
2014-03-13,0.08
2014-03-14,0.08
2014-03-17,0.08
2014-03-18,0.08
2014-03-19,0.08
2014-03-20,0.08
2014-03-21,0.08
2014-03-24,0.09
2014-03-25,0.09
2014-03-26,0.08
2014-03-27,0.08
2014-03-28,0.08
2014-03-31,0.06
2014-04-01,0.08
2014-04-02,0.09
2014-04-03,0.08
2014-04-04,0.08
2014-04-07,0.09
2014-04-08,0.08
2014-04-09,0.08
2014-04-10,0.08
2014-04-11,0.09
2014-04-14,0.09
2014-04-15,0.10
2014-04-16,0.09
2014-04-17,0.09
2014-04-18,0.10
2014-04-21,0.10
2014-04-22,0.10
2014-04-23,0.10
2014-04-24,0.10
2014-04-25,0.09
2014-04-28,0.09
2014-04-29,0.10
2014-04-30,0.09
2014-05-01,0.09
2014-05-02,0.09
2014-05-05,0.09
2014-05-06,0.09
2014-05-07,0.08
2014-05-08,0.08
2014-05-09,0.08
2014-05-12,0.08
2014-05-13,0.09
2014-05-14,0.08
2014-05-15,0.09
2014-05-16,0.09
2014-05-19,0.09
2014-05-20,0.09
2014-05-21,0.09
2014-05-22,0.09
2014-05-23,0.09
2014-05-26,.
2014-05-27,0.09
2014-05-28,0.09
2014-05-29,0.09
2014-05-30,0.08
2014-06-02,0.09
2014-06-03,0.10
2014-06-04,0.09
2014-06-05,0.09
2014-06-06,0.09
2014-06-09,0.09
2014-06-10,0.09
2014-06-11,0.09
2014-06-12,0.09
2014-06-13,0.10
2014-06-16,0.10
2014-06-17,0.10
2014-06-18,0.10
2014-06-19,0.10
2014-06-20,0.10
2014-06-23,0.10
2014-06-24,0.10
2014-06-25,0.10
2014-06-26,0.10
2014-06-27,0.10
2014-06-30,0.09
2014-07-01,0.10
2014-07-02,0.10
2014-07-03,0.09
2014-07-04,.
2014-07-07,0.10
2014-07-08,0.09
2014-07-09,0.09
2014-07-10,0.09
2014-07-11,0.09
2014-07-14,0.09
2014-07-15,0.09
2014-07-16,0.09
2014-07-17,0.09
2014-07-18,0.09
2014-07-21,0.10
2014-07-22,0.09
2014-07-23,0.09
2014-07-24,0.09
2014-07-25,0.09
2014-07-28,0.09
2014-07-29,0.09
2014-07-30,0.09
2014-07-31,0.08
2014-08-01,0.09
2014-08-04,0.09
2014-08-05,0.09
2014-08-06,0.09
2014-08-07,0.09
2014-08-08,0.09
2014-08-11,0.09
2014-08-12,0.09
2014-08-13,0.09
2014-08-14,0.09
2014-08-15,0.09
2014-08-18,0.09
2014-08-19,0.09
2014-08-20,0.09
2014-08-21,0.09
2014-08-22,0.09
2014-08-25,0.09
2014-08-26,0.09
2014-08-27,0.09
2014-08-28,0.09
2014-08-29,0.07
2014-09-01,.
2014-09-02,0.09
2014-09-03,0.09
2014-09-04,0.09
2014-09-05,0.09
2014-09-08,0.09
2014-09-09,0.09
2014-09-10,0.09
2014-09-11,0.09
2014-09-12,0.09
2014-09-15,0.09
2014-09-16,0.09
2014-09-17,0.09
2014-09-18,0.09
2014-09-19,0.09
2014-09-22,0.09
2014-09-23,0.09
2014-09-24,0.09
2014-09-25,0.09
2014-09-26,0.09
2014-09-29,0.08
2014-09-30,0.07
2014-10-01,0.09
2014-10-02,0.09
2014-10-03,0.09
2014-10-06,0.09
2014-10-07,0.09
2014-10-08,0.09
2014-10-09,0.08
2014-10-10,0.09
2014-10-13,.
2014-10-14,0.09
2014-10-15,0.09
2014-10-16,0.09
2014-10-17,0.09
2014-10-20,0.09
2014-10-21,0.09
2014-10-22,0.09
2014-10-23,0.09
2014-10-24,0.09
2014-10-27,0.09
2014-10-28,0.09
2014-10-29,0.09
2014-10-30,0.09
2014-10-31,0.07
2014-11-03,0.09
2014-11-04,0.10
2014-11-05,0.09
2014-11-06,0.09
2014-11-07,0.09
2014-11-10,0.09
2014-11-11,.
2014-11-12,0.09
2014-11-13,0.09
2014-11-14,0.09
2014-11-17,0.10
2014-11-18,0.11
2014-11-19,0.10
2014-11-20,0.10
2014-11-21,0.10
2014-11-24,0.10
2014-11-25,0.10
2014-11-26,0.10
2014-11-27,.
2014-11-28,0.08
2014-12-01,0.13
2014-12-02,0.12
2014-12-03,0.12
2014-12-04,0.12
2014-12-05,0.12
2014-12-08,0.12
2014-12-09,0.12
2014-12-10,0.12
2014-12-11,0.12
2014-12-12,0.12
2014-12-15,0.11
2014-12-16,0.12
2014-12-17,0.13
2014-12-18,0.13
2014-12-19,0.13
2014-12-22,0.13
2014-12-23,0.13
2014-12-24,0.13
2014-12-25,.
2014-12-26,0.13
2014-12-29,0.13
2014-12-30,0.13
2014-12-31,0.06
2015-01-01,.
2015-01-02,0.12
2015-01-05,0.12
2015-01-06,0.12
2015-01-07,0.12
2015-01-08,0.12
2015-01-09,0.12
2015-01-12,0.12
2015-01-13,0.12
2015-01-14,0.12
2015-01-15,0.12
2015-01-16,0.13
2015-01-19,.
2015-01-20,0.12
2015-01-21,0.12
2015-01-22,0.12
2015-01-23,0.12
2015-01-26,0.12
2015-01-27,0.11
2015-01-28,0.12
2015-01-29,0.11
2015-01-30,0.06
2015-02-02,0.12
2015-02-03,0.12
2015-02-04,0.11
2015-02-05,0.12
2015-02-06,0.11
2015-02-09,0.12
2015-02-10,0.12
2015-02-11,0.12
2015-02-12,0.12
2015-02-13,0.12
2015-02-16,.
2015-02-17,0.12
2015-02-18,0.12
2015-02-19,0.12
2015-02-20,0.12
2015-02-23,0.11
2015-02-24,0.11
2015-02-25,0.11
2015-02-26,0.11
2015-02-27,0.06
2015-03-02,0.12
2015-03-03,0.12
2015-03-04,0.11
2015-03-05,0.11
2015-03-06,0.12
2015-03-09,0.12
2015-03-10,0.12
2015-03-11,0.11
2015-03-12,0.11
2015-03-13,0.11
2015-03-16,0.12
2015-03-17,0.12
2015-03-18,0.11
2015-03-19,0.12
2015-03-20,0.12
2015-03-23,0.12
2015-03-24,0.11
2015-03-25,0.12
2015-03-26,0.11
2015-03-27,0.12
2015-03-30,0.12
2015-03-31,0.06
2015-04-01,0.12
2015-04-02,0.12
2015-04-03,0.12
2015-04-06,0.13
2015-04-07,0.12
2015-04-08,0.12
2015-04-09,0.12
2015-04-10,0.12
2015-04-13,0.13
2015-04-14,0.13
2015-04-15,0.13
2015-04-16,0.13
2015-04-17,0.13
2015-04-20,0.13
2015-04-21,0.13
2015-04-22,0.13
2015-04-23,0.13
2015-04-24,0.13
2015-04-27,0.13
2015-04-28,0.13
2015-04-29,0.13
2015-04-30,0.08
2015-05-01,0.13
2015-05-04,0.13
2015-05-05,0.13
2015-05-06,0.13
2015-05-07,0.13
2015-05-08,0.13
2015-05-11,0.13
2015-05-12,0.13
2015-05-13,0.13
2015-05-14,0.13
2015-05-15,0.13
2015-05-18,0.13
2015-05-19,0.12
2015-05-20,0.12
2015-05-21,0.12
2015-05-22,0.13
2015-05-25,.
2015-05-26,0.12
2015-05-27,0.12
2015-05-28,0.12
2015-05-29,0.08
2015-06-01,0.12
2015-06-02,0.12
2015-06-03,0.13
2015-06-04,0.13
2015-06-05,0.13
2015-06-08,0.13
2015-06-09,0.13
2015-06-10,0.13
2015-06-11,0.13
2015-06-12,0.13
2015-06-15,0.13
2015-06-16,0.14
2015-06-17,0.14
2015-06-18,0.14
2015-06-19,0.13
2015-06-22,0.13
2015-06-23,0.13
2015-06-24,0.13
2015-06-25,0.13
2015-06-26,0.13
2015-06-29,0.14
2015-06-30,0.08
2015-07-01,0.13
2015-07-02,0.13
2015-07-03,0.13
2015-07-06,0.13
2015-07-07,0.13
2015-07-08,0.13
2015-07-09,0.13
2015-07-10,0.13
2015-07-13,0.13
2015-07-14,0.13
2015-07-15,0.13
2015-07-16,0.14
2015-07-17,0.13
2015-07-20,0.14
2015-07-21,0.13
2015-07-22,0.13
2015-07-23,0.13
2015-07-24,0.13
2015-07-27,0.14
2015-07-28,0.14
2015-07-29,0.14
2015-07-30,0.14
2015-07-31,0.08
2015-08-03,0.14
2015-08-04,0.14
2015-08-05,0.14
2015-08-06,0.14
2015-08-07,0.14
2015-08-10,0.14
2015-08-11,0.15
2015-08-12,0.15
2015-08-13,0.15
2015-08-14,0.14
2015-08-17,0.15
2015-08-18,0.15
2015-08-19,0.15
2015-08-20,0.15
2015-08-21,0.15
2015-08-24,0.15
2015-08-25,0.15
2015-08-26,0.14
2015-08-27,0.14
2015-08-28,0.14
2015-08-31,0.08
2015-09-01,0.14
2015-09-02,0.14
2015-09-03,0.14
2015-09-04,0.14
2015-09-07,.
2015-09-08,0.14
2015-09-09,0.14
2015-09-10,0.14
2015-09-11,0.14
2015-09-14,0.14
2015-09-15,0.14
2015-09-16,0.14
2015-09-17,0.14
2015-09-18,0.14
2015-09-21,0.14
2015-09-22,0.14
2015-09-23,0.14
2015-09-24,0.14
2015-09-25,0.13
2015-09-28,0.13
2015-09-29,0.13
2015-09-30,0.07
2015-10-01,0.13
2015-10-02,0.13
2015-10-05,0.13
2015-10-06,0.13
2015-10-07,0.13
2015-10-08,0.13
2015-10-09,0.13
2015-10-12,.
2015-10-13,0.13
2015-10-14,0.13
2015-10-15,0.13
2015-10-16,0.13
2015-10-19,0.13
2015-10-20,0.13
2015-10-21,0.13
2015-10-22,0.12
2015-10-23,0.12
2015-10-26,0.12
2015-10-27,0.12
2015-10-28,0.12
2015-10-29,0.12
2015-10-30,0.07
2015-11-02,0.12
2015-11-03,0.12
2015-11-04,0.12
2015-11-05,0.12
2015-11-06,0.12
2015-11-09,0.12
2015-11-10,0.12
2015-11-11,.
2015-11-12,0.12
2015-11-13,0.12
2015-11-16,0.13
2015-11-17,0.13
2015-11-18,0.12
2015-11-19,0.12
2015-11-20,0.12
2015-11-23,0.12
2015-11-24,0.12
2015-11-25,0.12
2015-11-26,.
2015-11-27,0.12
2015-11-30,0.08
2015-12-01,0.13
2015-12-02,0.13
2015-12-03,0.13
2015-12-04,0.13
2015-12-07,0.13
2015-12-08,0.13
2015-12-09,0.14
2015-12-10,0.14
2015-12-11,0.14
2015-12-14,0.15
2015-12-15,0.15
2015-12-16,0.15
2015-12-17,0.37
2015-12-18,0.37
2015-12-21,0.36
2015-12-22,0.36
2015-12-23,0.36
2015-12-24,0.36
2015-12-25,.
2015-12-28,0.36
2015-12-29,0.36
2015-12-30,0.35
2015-12-31,0.20
2016-01-01,.
2016-01-04,0.36
2016-01-05,0.36
2016-01-06,0.36
2016-01-07,0.36
2016-01-08,0.36
2016-01-11,0.36
2016-01-12,0.36
2016-01-13,0.36
2016-01-14,0.36
2016-01-15,0.36
2016-01-18,.
2016-01-19,0.36
2016-01-20,0.37
2016-01-21,0.37
2016-01-22,0.38
2016-01-25,0.38
2016-01-26,0.38
2016-01-27,0.38
2016-01-28,0.38
2016-01-29,0.29
2016-02-01,0.38
2016-02-02,0.38
2016-02-03,0.38
2016-02-04,0.38
2016-02-05,0.38
2016-02-08,0.38
2016-02-09,0.38
2016-02-10,0.38
2016-02-11,0.38
2016-02-12,0.38
2016-02-15,.
2016-02-16,0.38
2016-02-17,0.37
2016-02-18,0.38
2016-02-19,0.38
2016-02-22,0.38
2016-02-23,0.38
2016-02-24,0.38
2016-02-25,0.37
2016-02-26,0.37
2016-02-29,0.29
2016-03-01,0.36
2016-03-02,0.37
2016-03-03,0.37
2016-03-04,0.36
2016-03-07,0.36
2016-03-08,0.36
2016-03-09,0.36
2016-03-10,0.36
2016-03-11,0.36
2016-03-14,0.36
2016-03-15,0.37
2016-03-16,0.37
2016-03-17,0.37
2016-03-18,0.37
2016-03-21,0.37
2016-03-22,0.37
2016-03-23,0.37
2016-03-24,0.37
2016-03-25,0.37
2016-03-28,0.37
2016-03-29,0.37
2016-03-30,0.37
2016-03-31,0.25
2016-04-01,0.37
2016-04-04,0.37
2016-04-05,0.37
2016-04-06,0.37
2016-04-07,0.37
2016-04-08,0.37
2016-04-11,0.37
2016-04-12,0.37
2016-04-13,0.37
2016-04-14,0.37
2016-04-15,0.37
2016-04-18,0.37
2016-04-19,0.37
2016-04-20,0.37
2016-04-21,0.37
2016-04-22,0.37
2016-04-25,0.37
2016-04-26,0.37
2016-04-27,0.37
2016-04-28,0.37
2016-04-29,0.30
2016-05-02,0.37
2016-05-03,0.37
2016-05-04,0.37
2016-05-05,0.37
2016-05-06,0.37
2016-05-09,0.37
2016-05-10,0.37
2016-05-11,0.37
2016-05-12,0.37
2016-05-13,0.37
2016-05-16,0.37
2016-05-17,0.37
2016-05-18,0.37
2016-05-19,0.37
2016-05-20,0.37
2016-05-23,0.37
2016-05-24,0.37
2016-05-25,0.37
2016-05-26,0.37
2016-05-27,0.37
2016-05-30,.
2016-05-31,0.29
2016-06-01,0.37
2016-06-02,0.37
2016-06-03,0.37
2016-06-06,0.37
2016-06-07,0.37
2016-06-08,0.37
2016-06-09,0.37
2016-06-10,0.37
2016-06-13,0.37
2016-06-14,0.37
2016-06-15,0.37
2016-06-16,0.38
2016-06-17,0.38
2016-06-20,0.38
2016-06-21,0.38
2016-06-22,0.38
2016-06-23,0.39
2016-06-24,0.40
2016-06-27,0.41
2016-06-28,0.41
2016-06-29,0.41
2016-06-30,0.30
2016-07-01,0.41
2016-07-04,.
2016-07-05,0.40
2016-07-06,0.40
2016-07-07,0.40
2016-07-08,0.40
2016-07-11,0.40
2016-07-12,0.40
2016-07-13,0.40
2016-07-14,0.40
2016-07-15,0.40
2016-07-18,0.40
2016-07-19,0.40
2016-07-20,0.40
2016-07-21,0.40
2016-07-22,0.40
2016-07-25,0.40
2016-07-26,0.40
2016-07-27,0.40
2016-07-28,0.40
2016-07-29,0.30
2016-08-01,0.40
2016-08-02,0.40
2016-08-03,0.40
2016-08-04,0.40
2016-08-05,0.40
2016-08-08,0.4
2016-08-09,0.4
2016-08-10,0.4
2016-08-11,0.4
2016-08-12,0.4
2016-08-15,0.4
2016-08-16,0.4
2016-08-17,0.4
2016-08-18,0.4
2016-08-19,0.4
2016-08-22,0.4
2016-08-23,0.4
2016-08-24,0.4
2016-08-25,0.4
2016-08-26,0.4
2016-08-29,0.4
2016-08-30,0.4
2016-08-31,0.3
2016-09-01,0.4
2016-09-02,0.4
2016-09-05,.
2016-09-06,0.4
2016-09-07,0.4
2016-09-08,0.4
2016-09-09,0.4
2016-09-12,0.4
2016-09-13,0.4
2016-09-14,0.4
2016-09-15,0.4
2016-09-16,0.4
2016-09-19,0.4
2016-09-20,0.4
2016-09-21,0.4
2016-09-22,0.4
2016-09-23,0.4
2016-09-26,0.4
2016-09-27,0.4
2016-09-28,0.4
2016-09-29,0.4
2016-09-30,0.29
2016-10-03,0.40
2016-10-04,0.40
2016-10-05,0.40
2016-10-06,0.40
2016-10-07,0.40
2016-10-10,.
2016-10-11,0.41
2016-10-12,0.41
2016-10-13,0.41
2016-10-14,0.41
2016-10-17,0.41
2016-10-18,0.41
2016-10-19,0.41
2016-10-20,0.41
2016-10-21,0.41
2016-10-24,0.41
2016-10-25,0.41
2016-10-26,0.41
2016-10-27,0.41
2016-10-28,0.41
2016-10-31,0.31
2016-11-01,0.41
2016-11-02,0.41
2016-11-03,0.41
2016-11-04,0.41
